[{"model": "admin.logentry", "pk": 1, "fields": {"action_time": "2021-04-28T13:35:47.502Z", "user": 1, "content_type": 9, "object_id": "1", "object_repr": "Rustam E. Siregar ", "action_flag": 1, "change_message": "[{\"added\": {}}]"}}, {"model": "admin.logentry", "pk": 2, "fields": {"action_time": "2021-04-28T13:35:49.918Z", "user": 1, "content_type": 9, "object_id": "2", "object_repr": "Cukup Mulyana ", "action_flag": 1, "change_message": "[{\"added\": {}}]"}}, {"model": "admin.logentry", "pk": 3, "fields": {"action_time": "2021-04-28T13:35:52.316Z", "user": 1, "content_type": 9, "object_id": "3", "object_repr": "Sri Suryaningsih ", "action_flag": 1, "change_message": "[{\"added\": {}}]"}}, {"model": "admin.logentry", "pk": 4, "fields": {"action_time": "2021-04-28T13:35:54.675Z", "user": 1, "content_type": 9, "object_id": "4", "object_repr": "Norman Syakir ", "action_flag": 1, "change_message": "[{\"added\": {}}]"}}, {"model": "admin.logentry", "pk": 5, "fields": {"action_time": "2021-04-28T13:35:56.910Z", "user": 1, "content_type": 9, "object_id": "5", "object_repr": "Fitrilawati ", "action_flag": 1, "change_message": "[{\"added\": {}}]"}}, {"model": "admin.logentry", "pk": 6, "fields": {"action_time": "2021-04-28T13:35:59.026Z", "user": 1, "content_type": 9, "object_id": "6", "object_repr": "Togar Saragi ", "action_flag": 1, "change_message": "[{\"added\": {}}]"}}, {"model": "admin.logentry", "pk": 7, "fields": {"action_time": "2021-04-28T13:36:01.023Z", "user": 1, "content_type": 9, "object_id": "7", "object_repr": "Liu Kin Men ", "action_flag": 1, "change_message": "[{\"added\": {}}]"}}, {"model": "admin.logentry", "pk": 8, "fields": {"action_time": "2021-04-28T13:36:03.684Z", "user": 1, "content_type": 9, "object_id": "8", "object_repr": "Otong Nurhilal ", "action_flag": 1, "change_message": "[{\"added\": {}}]"}}, {"model": "admin.logentry", "pk": 9, "fields": {"action_time": "2021-04-28T13:36:06.119Z", "user": 1, "content_type": 9, "object_id": "9", "object_repr": "Ayi Bahtiar ", "action_flag": 1, "change_message": "[{\"added\": {}}]"}}, {"model": "admin.logentry", "pk": 10, "fields": {"action_time": "2021-04-28T13:36:08.940Z", "user": 1, "content_type": 9, "object_id": "10", "object_repr": "I Made Joni ", "action_flag": 1, "change_message": "[{\"added\": {}}]"}}, {"model": "admin.logentry", "pk": 11, "fields": {"action_time": "2021-04-28T13:36:12.025Z", "user": 1, "content_type": 9, "object_id": "11", "object_repr": "Lusi Safriani ", "action_flag": 1, "change_message": "[{\"added\": {}}]"}}, {"model": "admin.logentry", "pk": 12, "fields": {"action_time": "2021-04-28T13:36:14.641Z", "user": 1, "content_type": 9, "object_id": "12", "object_repr": "Sahrul Hidayat ", "action_flag": 1, "change_message": "[{\"added\": {}}]"}}, {"model": "admin.logentry", "pk": 13, "fields": {"action_time": "2021-04-28T13:36:19.418Z", "user": 1, "content_type": 9, "object_id": "13", "object_repr": "Setianto ", "action_flag": 1, "change_message": "[{\"added\": {}}]"}}, {"model": "admin.logentry", "pk": 14, "fields": {"action_time": "2021-04-28T13:36:23.212Z", "user": 1, "content_type": 9, "object_id": "14", "object_repr": "Camellia Panatarani ", "action_flag": 1, "change_message": "[{\"added\": {}}]"}}, {"model": "admin.logentry", "pk": 15, "fields": {"action_time": "2021-04-28T13:36:26.520Z", "user": 1, "content_type": 9, "object_id": "15", "object_repr": "Andri Abdurrochman ", "action_flag": 1, "change_message": "[{\"added\": {}}]"}}, {"model": "admin.logentry", "pk": 16, "fields": {"action_time": "2021-04-28T13:36:29.208Z", "user": 1, "content_type": 9, "object_id": "16", "object_repr": "Risdiana ", "action_flag": 1, "change_message": "[{\"added\": {}}]"}}, {"model": "admin.logentry", "pk": 17, "fields": {"action_time": "2021-04-28T13:36:31.900Z", "user": 1, "content_type": 9, "object_id": "17", "object_repr": "Annisa Aprilia ", "action_flag": 1, "change_message": "[{\"added\": {}}]"}}, {"model": "admin.logentry", "pk": 18, "fields": {"action_time": "2021-04-28T13:36:34.726Z", "user": 1, "content_type": 9, "object_id": "18", "object_repr": "Budi Adiperdana ", "action_flag": 1, "change_message": "[{\"added\": {}}]"}}, {"model": "admin.logentry", "pk": 19, "fields": {"action_time": "2021-04-28T13:36:37.712Z", "user": 1, "content_type": 9, "object_id": "19", "object_repr": "Ferry Faizal ", "action_flag": 1, "change_message": "[{\"added\": {}}]"}}, {"model": "admin.logentry", "pk": 20, "fields": {"action_time": "2021-04-28T13:36:40.731Z", "user": 1, "content_type": 9, "object_id": "20", "object_repr": "Nowo Riveli ", "action_flag": 1, "change_message": "[{\"added\": {}}]"}}, {"model": "admin.logentry", "pk": 21, "fields": {"action_time": "2021-04-28T13:36:54.059Z", "user": 1, "content_type": 3, "object_id": "1", "object_repr": "SuperAdmin", "action_flag": 1, "change_message": "[{\"added\": {}}]"}}, {"model": "admin.logentry", "pk": 22, "fields": {"action_time": "2021-04-28T13:37:55.454Z", "user": 1, "content_type": 3, "object_id": "2", "object_repr": "Admin", "action_flag": 1, "change_message": "[{\"added\": {}}]"}}, {"model": "admin.logentry", "pk": 23, "fields": {"action_time": "2021-04-28T13:38:09.043Z", "user": 1, "content_type": 3, "object_id": "3", "object_repr": "User", "action_flag": 1, "change_message": "[{\"added\": {}}]"}}, {"model": "admin.logentry", "pk": 24, "fields": {"action_time": "2021-04-28T15:16:49.317Z", "user": 1, "content_type": 3, "object_id": "4", "object_repr": "Reviewer", "action_flag": 1, "change_message": "[{\"added\": {}}]"}}, {"model": "admin.logentry", "pk": 25, "fields": {"action_time": "2021-04-28T15:17:07.979Z", "user": 1, "content_type": 4, "object_id": "16", "object_repr": "Rustam E. Siregar ", "action_flag": 2, "change_message": "[{\"changed\": {\"fields\": [\"Groups\"]}}]"}}, {"model": "admin.logentry", "pk": 26, "fields": {"action_time": "2021-04-28T15:17:21.354Z", "user": 1, "content_type": 4, "object_id": "12", "object_repr": "Cukup Mulyana ", "action_flag": 2, "change_message": "[{\"changed\": {\"fields\": [\"Groups\"]}}]"}}, {"model": "admin.logentry", "pk": 27, "fields": {"action_time": "2021-04-28T15:17:28.474Z", "user": 1, "content_type": 4, "object_id": "3", "object_repr": "Sri Suryaningsih ", "action_flag": 2, "change_message": "[{\"changed\": {\"fields\": [\"Groups\"]}}]"}}, {"model": "admin.logentry", "pk": 28, "fields": {"action_time": "2021-04-28T15:17:36.011Z", "user": 1, "content_type": 4, "object_id": "8", "object_repr": "Norman Syakir ", "action_flag": 2, "change_message": "[{\"changed\": {\"fields\": [\"Groups\"]}}]"}}, {"model": "admin.logentry", "pk": 29, "fields": {"action_time": "2021-04-28T15:17:48.815Z", "user": 1, "content_type": 4, "object_id": "13", "object_repr": "Fitrilawati ", "action_flag": 2, "change_message": "[{\"changed\": {\"fields\": [\"Groups\"]}}]"}}, {"model": "admin.logentry", "pk": 30, "fields": {"action_time": "2021-04-28T15:18:16.079Z", "user": 1, "content_type": 4, "object_id": "20", "object_repr": "Togar Saragi ", "action_flag": 2, "change_message": "[{\"changed\": {\"fields\": [\"Groups\"]}}]"}}, {"model": "admin.logentry", "pk": 31, "fields": {"action_time": "2021-04-28T15:18:22.933Z", "user": 1, "content_type": 4, "object_id": "17", "object_repr": "Liu Kin Men ", "action_flag": 2, "change_message": "[{\"changed\": {\"fields\": [\"Groups\"]}}]"}}, {"model": "admin.logentry", "pk": 32, "fields": {"action_time": "2021-04-28T15:18:31.541Z", "user": 1, "content_type": 4, "object_id": "11", "object_repr": "Otong Nurhilal ", "action_flag": 2, "change_message": "[{\"changed\": {\"fields\": [\"Groups\"]}}]"}}, {"model": "admin.logentry", "pk": 33, "fields": {"action_time": "2021-04-28T15:18:38.801Z", "user": 1, "content_type": 4, "object_id": "14", "object_repr": "Ayi Bahtiar ", "action_flag": 2, "change_message": "[{\"changed\": {\"fields\": [\"Groups\"]}}]"}}, {"model": "admin.logentry", "pk": 34, "fields": {"action_time": "2021-04-28T15:18:46.423Z", "user": 1, "content_type": 4, "object_id": "18", "object_repr": "I Made Joni ", "action_flag": 2, "change_message": "[{\"changed\": {\"fields\": [\"Groups\"]}}]"}}, {"model": "admin.logentry", "pk": 35, "fields": {"action_time": "2021-04-28T15:18:54.008Z", "user": 1, "content_type": 4, "object_id": "15", "object_repr": "Lusi Safriani ", "action_flag": 2, "change_message": "[{\"changed\": {\"fields\": [\"Groups\"]}}]"}}, {"model": "admin.logentry", "pk": 36, "fields": {"action_time": "2021-04-28T15:19:12.026Z", "user": 1, "content_type": 4, "object_id": "4", "object_repr": "Sahrul Hidayat ", "action_flag": 2, "change_message": "[{\"changed\": {\"fields\": [\"Groups\"]}}]"}}, {"model": "admin.logentry", "pk": 37, "fields": {"action_time": "2021-04-28T15:19:19.200Z", "user": 1, "content_type": 4, "object_id": "5", "object_repr": "Setianto ", "action_flag": 2, "change_message": "[{\"changed\": {\"fields\": [\"Groups\"]}}]"}}, {"model": "admin.logentry", "pk": 38, "fields": {"action_time": "2021-04-28T15:19:26.291Z", "user": 1, "content_type": 4, "object_id": "2", "object_repr": "Camellia Panatarani ", "action_flag": 2, "change_message": "[{\"changed\": {\"fields\": [\"Groups\"]}}]"}}, {"model": "admin.logentry", "pk": 39, "fields": {"action_time": "2021-04-28T15:19:36.535Z", "user": 1, "content_type": 4, "object_id": "7", "object_repr": "Andri Abdurrochman ", "action_flag": 2, "change_message": "[{\"changed\": {\"fields\": [\"Groups\"]}}]"}}, {"model": "admin.logentry", "pk": 40, "fields": {"action_time": "2021-04-28T15:19:47.693Z", "user": 1, "content_type": 4, "object_id": "6", "object_repr": "Risdiana ", "action_flag": 2, "change_message": "[{\"changed\": {\"fields\": [\"Groups\"]}}]"}}, {"model": "admin.logentry", "pk": 41, "fields": {"action_time": "2021-04-28T15:20:07.363Z", "user": 1, "content_type": 4, "object_id": "19", "object_repr": "Annisa Aprilia ", "action_flag": 2, "change_message": "[{\"changed\": {\"fields\": [\"Groups\"]}}]"}}, {"model": "admin.logentry", "pk": 42, "fields": {"action_time": "2021-04-28T15:20:12.862Z", "user": 1, "content_type": 4, "object_id": "6", "object_repr": "Risdiana ", "action_flag": 2, "change_message": "[]"}}, {"model": "admin.logentry", "pk": 43, "fields": {"action_time": "2021-04-28T15:20:20.071Z", "user": 1, "content_type": 4, "object_id": "21", "object_repr": "Budi Adiperdana ", "action_flag": 2, "change_message": "[{\"changed\": {\"fields\": [\"Groups\"]}}]"}}, {"model": "admin.logentry", "pk": 44, "fields": {"action_time": "2021-04-28T15:20:27.804Z", "user": 1, "content_type": 4, "object_id": "10", "object_repr": "Ferry Faizal ", "action_flag": 2, "change_message": "[{\"changed\": {\"fields\": [\"Groups\"]}}]"}}, {"model": "admin.logentry", "pk": 45, "fields": {"action_time": "2021-04-28T15:20:35.231Z", "user": 1, "content_type": 4, "object_id": "9", "object_repr": "Nowo Riveli ", "action_flag": 2, "change_message": "[{\"changed\": {\"fields\": [\"Groups\"]}}]"}}, {"model": "admin.logentry", "pk": 46, "fields": {"action_time": "2021-04-28T15:20:41.729Z", "user": 1, "content_type": 4, "object_id": "1", "object_repr": "Kepala Departemen ", "action_flag": 2, "change_message": "[]"}}, {"model": "admin.logentry", "pk": 47, "fields": {"action_time": "2021-04-28T15:20:46.193Z", "user": 1, "content_type": 4, "object_id": "22", "object_repr": "Tata Usaha ", "action_flag": 2, "change_message": "[]"}}, {"model": "admin.logentry", "pk": 48, "fields": {"action_time": "2021-04-28T15:20:58.484Z", "user": 1, "content_type": 18, "object_id": "1", "object_repr": "Tata Usaha ", "action_flag": 1, "change_message": "[{\"added\": {}}]"}}, {"model": "admin.logentry", "pk": 49, "fields": {"action_time": "2021-04-28T15:22:27.965Z", "user": 1, "content_type": 8, "object_id": "1", "object_repr": "Camellia Panatarani ", "action_flag": 1, "change_message": "[{\"added\": {}}]"}}, {"model": "admin.logentry", "pk": 50, "fields": {"action_time": "2021-04-28T15:22:41.271Z", "user": 1, "content_type": 8, "object_id": "1", "object_repr": "Prof. Dr. Eng. Camellia Panatarani, M.Si.", "action_flag": 2, "change_message": "[]"}}, {"model": "admin.logentry", "pk": 51, "fields": {"action_time": "2021-04-28T15:23:23.019Z", "user": 1, "content_type": 8, "object_id": "2", "object_repr": "Prof. Dr. Eng. I Made Joni, M.Sc", "action_flag": 1, "change_message": "[{\"added\": {}}]"}}, {"model": "admin.logentry", "pk": 52, "fields": {"action_time": "2021-04-28T15:24:09.251Z", "user": 1, "content_type": 8, "object_id": "3", "object_repr": "Prof. Dr. Risdiana, M.Eng", "action_flag": 1, "change_message": "[{\"added\": {}}]"}}, {"model": "auth.permission", "pk": 1, "fields": {"name": "Can add log entry", "content_type": 1, "codename": "add_logentry"}}, {"model": "auth.permission", "pk": 2, "fields": {"name": "Can change log entry", "content_type": 1, "codename": "change_logentry"}}, {"model": "auth.permission", "pk": 3, "fields": {"name": "Can delete log entry", "content_type": 1, "codename": "delete_logentry"}}, {"model": "auth.permission", "pk": 4, "fields": {"name": "Can view log entry", "content_type": 1, "codename": "view_logentry"}}, {"model": "auth.permission", "pk": 5, "fields": {"name": "Can add permission", "content_type": 2, "codename": "add_permission"}}, {"model": "auth.permission", "pk": 6, "fields": {"name": "Can change permission", "content_type": 2, "codename": "change_permission"}}, {"model": "auth.permission", "pk": 7, "fields": {"name": "Can delete permission", "content_type": 2, "codename": "delete_permission"}}, {"model": "auth.permission", "pk": 8, "fields": {"name": "Can view permission", "content_type": 2, "codename": "view_permission"}}, {"model": "auth.permission", "pk": 9, "fields": {"name": "Can add group", "content_type": 3, "codename": "add_group"}}, {"model": "auth.permission", "pk": 10, "fields": {"name": "Can change group", "content_type": 3, "codename": "change_group"}}, {"model": "auth.permission", "pk": 11, "fields": {"name": "Can delete group", "content_type": 3, "codename": "delete_group"}}, {"model": "auth.permission", "pk": 12, "fields": {"name": "Can view group", "content_type": 3, "codename": "view_group"}}, {"model": "auth.permission", "pk": 13, "fields": {"name": "Can add user", "content_type": 4, "codename": "add_user"}}, {"model": "auth.permission", "pk": 14, "fields": {"name": "Can change user", "content_type": 4, "codename": "change_user"}}, {"model": "auth.permission", "pk": 15, "fields": {"name": "Can delete user", "content_type": 4, "codename": "delete_user"}}, {"model": "auth.permission", "pk": 16, "fields": {"name": "Can view user", "content_type": 4, "codename": "view_user"}}, {"model": "auth.permission", "pk": 17, "fields": {"name": "Can add content type", "content_type": 5, "codename": "add_contenttype"}}, {"model": "auth.permission", "pk": 18, "fields": {"name": "Can change content type", "content_type": 5, "codename": "change_contenttype"}}, {"model": "auth.permission", "pk": 19, "fields": {"name": "Can delete content type", "content_type": 5, "codename": "delete_contenttype"}}, {"model": "auth.permission", "pk": 20, "fields": {"name": "Can view content type", "content_type": 5, "codename": "view_contenttype"}}, {"model": "auth.permission", "pk": 21, "fields": {"name": "Can add session", "content_type": 6, "codename": "add_session"}}, {"model": "auth.permission", "pk": 22, "fields": {"name": "Can change session", "content_type": 6, "codename": "change_session"}}, {"model": "auth.permission", "pk": 23, "fields": {"name": "Can delete session", "content_type": 6, "codename": "delete_session"}}, {"model": "auth.permission", "pk": 24, "fields": {"name": "Can view session", "content_type": 6, "codename": "view_session"}}, {"model": "auth.permission", "pk": 25, "fields": {"name": "Can add penulis lain", "content_type": 7, "codename": "add_penulislain"}}, {"model": "auth.permission", "pk": 26, "fields": {"name": "Can change penulis lain", "content_type": 7, "codename": "change_penulislain"}}, {"model": "auth.permission", "pk": 27, "fields": {"name": "Can delete penulis lain", "content_type": 7, "codename": "delete_penulislain"}}, {"model": "auth.permission", "pk": 28, "fields": {"name": "Can view penulis lain", "content_type": 7, "codename": "view_penulislain"}}, {"model": "auth.permission", "pk": 29, "fields": {"name": "Can add reviewer", "content_type": 8, "codename": "add_reviewer"}}, {"model": "auth.permission", "pk": 30, "fields": {"name": "Can change reviewer", "content_type": 8, "codename": "change_reviewer"}}, {"model": "auth.permission", "pk": 31, "fields": {"name": "Can delete reviewer", "content_type": 8, "codename": "delete_reviewer"}}, {"model": "auth.permission", "pk": 32, "fields": {"name": "Can view reviewer", "content_type": 8, "codename": "view_reviewer"}}, {"model": "auth.permission", "pk": 33, "fields": {"name": "Can add users", "content_type": 9, "codename": "add_users"}}, {"model": "auth.permission", "pk": 34, "fields": {"name": "Can change users", "content_type": 9, "codename": "change_users"}}, {"model": "auth.permission", "pk": 35, "fields": {"name": "Can delete users", "content_type": 9, "codename": "delete_users"}}, {"model": "auth.permission", "pk": 36, "fields": {"name": "Can view users", "content_type": 9, "codename": "view_users"}}, {"model": "auth.permission", "pk": 37, "fields": {"name": "Can add upload berkas prosiding", "content_type": 10, "codename": "add_uploadberkasprosiding"}}, {"model": "auth.permission", "pk": 38, "fields": {"name": "Can change upload berkas prosiding", "content_type": 10, "codename": "change_uploadberkasprosiding"}}, {"model": "auth.permission", "pk": 39, "fields": {"name": "Can delete upload berkas prosiding", "content_type": 10, "codename": "delete_uploadberkasprosiding"}}, {"model": "auth.permission", "pk": 40, "fields": {"name": "Can view upload berkas prosiding", "content_type": 10, "codename": "view_uploadberkasprosiding"}}, {"model": "auth.permission", "pk": 41, "fields": {"name": "Can add upload berkas jurnal", "content_type": 11, "codename": "add_uploadberkasjurnal"}}, {"model": "auth.permission", "pk": 42, "fields": {"name": "Can change upload berkas jurnal", "content_type": 11, "codename": "change_uploadberkasjurnal"}}, {"model": "auth.permission", "pk": 43, "fields": {"name": "Can delete upload berkas jurnal", "content_type": 11, "codename": "delete_uploadberkasjurnal"}}, {"model": "auth.permission", "pk": 44, "fields": {"name": "Can view upload berkas jurnal", "content_type": 11, "codename": "view_uploadberkasjurnal"}}, {"model": "auth.permission", "pk": 45, "fields": {"name": "Can add upload berkas haki", "content_type": 12, "codename": "add_uploadberkashaki"}}, {"model": "auth.permission", "pk": 46, "fields": {"name": "Can change upload berkas haki", "content_type": 12, "codename": "change_uploadberkashaki"}}, {"model": "auth.permission", "pk": 47, "fields": {"name": "Can delete upload berkas haki", "content_type": 12, "codename": "delete_uploadberkashaki"}}, {"model": "auth.permission", "pk": 48, "fields": {"name": "Can view upload berkas haki", "content_type": 12, "codename": "view_uploadberkashaki"}}, {"model": "auth.permission", "pk": 49, "fields": {"name": "Can add upload berkas buku", "content_type": 13, "codename": "add_uploadberkasbuku"}}, {"model": "auth.permission", "pk": 50, "fields": {"name": "Can change upload berkas buku", "content_type": 13, "codename": "change_uploadberkasbuku"}}, {"model": "auth.permission", "pk": 51, "fields": {"name": "Can delete upload berkas buku", "content_type": 13, "codename": "delete_uploadberkasbuku"}}, {"model": "auth.permission", "pk": 52, "fields": {"name": "Can view upload berkas buku", "content_type": 13, "codename": "view_uploadberkasbuku"}}, {"model": "auth.permission", "pk": 53, "fields": {"name": "Can add penilaian berkas prosiding", "content_type": 14, "codename": "add_penilaianberkasprosiding"}}, {"model": "auth.permission", "pk": 54, "fields": {"name": "Can change penilaian berkas prosiding", "content_type": 14, "codename": "change_penilaianberkasprosiding"}}, {"model": "auth.permission", "pk": 55, "fields": {"name": "Can delete penilaian berkas prosiding", "content_type": 14, "codename": "delete_penilaianberkasprosiding"}}, {"model": "auth.permission", "pk": 56, "fields": {"name": "Can view penilaian berkas prosiding", "content_type": 14, "codename": "view_penilaianberkasprosiding"}}, {"model": "auth.permission", "pk": 57, "fields": {"name": "Can add penilaian berkas jurnal", "content_type": 15, "codename": "add_penilaianberkasjurnal"}}, {"model": "auth.permission", "pk": 58, "fields": {"name": "Can change penilaian berkas jurnal", "content_type": 15, "codename": "change_penilaianberkasjurnal"}}, {"model": "auth.permission", "pk": 59, "fields": {"name": "Can delete penilaian berkas jurnal", "content_type": 15, "codename": "delete_penilaianberkasjurnal"}}, {"model": "auth.permission", "pk": 60, "fields": {"name": "Can view penilaian berkas jurnal", "content_type": 15, "codename": "view_penilaianberkasjurnal"}}, {"model": "auth.permission", "pk": 61, "fields": {"name": "Can add penilaian berkas haki", "content_type": 16, "codename": "add_penilaianberkashaki"}}, {"model": "auth.permission", "pk": 62, "fields": {"name": "Can change penilaian berkas haki", "content_type": 16, "codename": "change_penilaianberkashaki"}}, {"model": "auth.permission", "pk": 63, "fields": {"name": "Can delete penilaian berkas haki", "content_type": 16, "codename": "delete_penilaianberkashaki"}}, {"model": "auth.permission", "pk": 64, "fields": {"name": "Can view penilaian berkas haki", "content_type": 16, "codename": "view_penilaianberkashaki"}}, {"model": "auth.permission", "pk": 65, "fields": {"name": "Can add penilaian berkas buku", "content_type": 17, "codename": "add_penilaianberkasbuku"}}, {"model": "auth.permission", "pk": 66, "fields": {"name": "Can change penilaian berkas buku", "content_type": 17, "codename": "change_penilaianberkasbuku"}}, {"model": "auth.permission", "pk": 67, "fields": {"name": "Can delete penilaian berkas buku", "content_type": 17, "codename": "delete_penilaianberkasbuku"}}, {"model": "auth.permission", "pk": 68, "fields": {"name": "Can view penilaian berkas buku", "content_type": 17, "codename": "view_penilaianberkasbuku"}}, {"model": "auth.permission", "pk": 69, "fields": {"name": "Can add admin", "content_type": 18, "codename": "add_admin"}}, {"model": "auth.permission", "pk": 70, "fields": {"name": "Can change admin", "content_type": 18, "codename": "change_admin"}}, {"model": "auth.permission", "pk": 71, "fields": {"name": "Can delete admin", "content_type": 18, "codename": "delete_admin"}}, {"model": "auth.permission", "pk": 72, "fields": {"name": "Can view admin", "content_type": 18, "codename": "view_admin"}}, {"model": "auth.group", "pk": 1, "fields": {"name": "SuperAdmin", "permissions": [1, 2, 3, 4, 9, 10, 11, 12, 5, 6, 7, 8, 13, 14, 15, 16, 17, 18, 19, 20, 69, 70, 71, 72, 65, 66, 67, 68, 61, 62, 63, 64, 57, 58, 59, 60, 53, 54, 55, 56, 25, 26, 27, 28, 29, 30, 31, 32, 49, 50, 51, 52, 45, 46, 47, 48, 41, 42, 43, 44, 37, 38, 39, 40, 33, 34, 35, 36, 21, 22, 23, 24]}}, {"model": "auth.group", "pk": 2, "fields": {"name": "Admin", "permissions": [65, 66, 67, 68, 61, 62, 63, 64, 57, 58, 59, 60, 53, 54, 55, 56]}}, {"model": "auth.group", "pk": 3, "fields": {"name": "User", "permissions": [65, 66, 67, 68, 61, 62, 63, 64, 57, 58, 59, 60, 53, 54, 55, 56]}}, {"model": "auth.group", "pk": 4, "fields": {"name": "Reviewer", "permissions": [65, 66, 67, 68, 61, 62, 63, 64, 57, 58, 59, 60, 53, 54, 55, 56, 49, 50, 51, 52, 45, 46, 47, 48, 41, 42, 43, 44, 37, 38, 39, 40]}}, {"model": "auth.user", "pk": 1, "fields": {"password": "pbkdf2_sha256$216000$V1I6DbdhQDL8$gCpT7J9SbnR03EQjfcRAOFu+06cWUXoMhhBDQ4tEwXQ=", "last_login": "2021-04-28T13:33:45Z", "is_superuser": true, "username": "kadepfisika", "first_name": "Kepala Departemen", "last_name": "", "email": "mrzdtydlntm@gmail.com", "is_staff": true, "is_active": true, "date_joined": "2021-04-22T03:04:22Z", "groups": [1], "user_permissions": []}}, {"model": "auth.user", "pk": 2, "fields": {"password": "pbkdf2_sha256$216000$wiqWAKipwPaT$DBcbVYSgA0o9/o61iDvJ6zRBnOB1etSJXThsNtM8Jyc=", "last_login": "2021-04-29T07:13:08.343Z", "is_superuser": false, "username": "197403032003122002", "first_name": "Camellia Panatarani", "last_name": "", "email": "mrzdtydlntm@gmail.com", "is_staff": false, "is_active": true, "date_joined": "2021-04-22T03:04:49Z", "groups": [4], "user_permissions": []}}, {"model": "auth.user", "pk": 3, "fields": {"password": "pbkdf2_sha256$216000$dcH4Egi9az4I$qY9TaO+x4VnOyq91bat04TVsomYvNvIIzTbJj7GMdiU=", "last_login": "2021-04-25T02:51:09Z", "is_superuser": false, "username": "195612261989022001", "first_name": "Sri Suryaningsih", "last_name": "", "email": "sri@phys.unpad.ac.id", "is_staff": false, "is_active": true, "date_joined": "2021-04-22T03:10:55Z", "groups": [3], "user_permissions": []}}, {"model": "auth.user", "pk": 4, "fields": {"password": "pbkdf2_sha256$216000$ASniWapDtOGJ$jOeojLjzrwWvYTDDwkI8EC93S/az7b8bhSCkBPtaPhk=", "last_login": "2021-04-26T09:26:23Z", "is_superuser": false, "username": "197307301998031002", "first_name": "Sahrul Hidayat", "last_name": "", "email": "sahrul@phys.unpad.ac.id", "is_staff": false, "is_active": true, "date_joined": "2021-04-22T03:11:34Z", "groups": [3], "user_permissions": []}}, {"model": "auth.user", "pk": 5, "fields": {"password": "pbkdf2_sha256$216000$y98ok66sRmf6$u0AAHb5t4TSAPrPg83ap9KGOpOM3wjZB3jblP4iu8MY=", "last_login": "2021-04-27T07:46:40Z", "is_superuser": false, "username": "197308041999031004", "first_name": "Setianto", "last_name": "", "email": "setianto@phys.unpad.ac.id", "is_staff": false, "is_active": true, "date_joined": "2021-04-22T03:12:22Z", "groups": [3], "user_permissions": []}}, {"model": "auth.user", "pk": 6, "fields": {"password": "pbkdf2_sha256$216000$P0ke4JsvScfN$S7MkRPACB9RAznOqHhzKGAxM726uSgLE+Wi6Z/1WCm8=", "last_login": "2021-04-25T09:26:07Z", "is_superuser": false, "username": "197505051999031016", "first_name": "Risdiana", "last_name": "", "email": "mrzdtydlntm@gmail.com", "is_staff": false, "is_active": true, "date_joined": "2021-04-22T03:13:12Z", "groups": [4], "user_permissions": []}}, {"model": "auth.user", "pk": 7, "fields": {"password": "pbkdf2_sha256$216000$lk7h5uK6rlzQ$dgo6ilf4Sgfmsge17Q89ZebezKkrQD6XbLLLfW3wLRI=", "last_login": "2021-04-28T15:40:02.552Z", "is_superuser": false, "username": "197405262003121002", "first_name": "Andri Abdurrochman", "last_name": "", "email": "a.andri@phys.unpad.ac.id", "is_staff": false, "is_active": true, "date_joined": "2021-04-22T03:13:51Z", "groups": [3], "user_permissions": []}}, {"model": "auth.user", "pk": 8, "fields": {"password": "pbkdf2_sha256$216000$tiGbRLb7ONOA$S78Uf/yTCsA07M3HOIbeJuUAuNiQNlG1m3GQaEb1dWM=", "last_login": null, "is_superuser": false, "username": "195906181986031016", "first_name": "Norman Syakir", "last_name": "", "email": "", "is_staff": false, "is_active": true, "date_joined": "2021-04-22T03:14:26Z", "groups": [3], "user_permissions": []}}, {"model": "auth.user", "pk": 9, "fields": {"password": "pbkdf2_sha256$216000$SZWI5g52OqFq$gAWyt/hcrrO0ev3EiHs0tNlgyFxEVNU4JFvkYNr8YnY=", "last_login": null, "is_superuser": false, "username": "198211292016044001", "first_name": "Nowo Riveli", "last_name": "", "email": "nowo@phys.unpad.ac.id", "is_staff": false, "is_active": true, "date_joined": "2021-04-22T03:15:27Z", "groups": [3], "user_permissions": []}}, {"model": "auth.user", "pk": 10, "fields": {"password": "pbkdf2_sha256$216000$CMKBBTXIsH8L$gIaBjoTctqJpMTA/CF+BI4ZRRTqkRjBvrsSUNF7m8mY=", "last_login": null, "is_superuser": false, "username": "198205312019033001", "first_name": "Ferry Faizal", "last_name": "", "email": "ferry.faizal@unpad.ac.id", "is_staff": false, "is_active": true, "date_joined": "2021-04-22T03:17:07Z", "groups": [3], "user_permissions": []}}, {"model": "auth.user", "pk": 11, "fields": {"password": "pbkdf2_sha256$216000$O0Rld33vhGG5$TIuBaiVKzHt9mN2PKJTXXXl1EtRap2JOPrayjW6r5vM=", "last_login": null, "is_superuser": false, "username": "196908281995121001", "first_name": "Otong Nurhilal", "last_name": "", "email": "otong.nurhilal@phys.unpad.ac.id", "is_staff": false, "is_active": true, "date_joined": "2021-04-22T03:17:44Z", "groups": [3], "user_permissions": []}}, {"model": "auth.user", "pk": 12, "fields": {"password": "pbkdf2_sha256$216000$AzWya1EzStjk$N2+ITPWvsSLQ1bveRi/OVD3x9B4yQ0/8ZQuMFWX8TwY=", "last_login": null, "is_superuser": false, "username": "195502091986011001", "first_name": "Cukup Mulyana", "last_name": "", "email": "", "is_staff": false, "is_active": true, "date_joined": "2021-04-22T03:18:52Z", "groups": [3], "user_permissions": []}}, {"model": "auth.user", "pk": 13, "fields": {"password": "pbkdf2_sha256$216000$rTypeE1vSckP$l8HDgMq1OcbTE87Dwjven6sRpKl7r8t59F8xqSN4U/A=", "last_login": "2021-04-28T15:29:47.849Z", "is_superuser": false, "username": "196502081994122001", "first_name": "Fitrilawati", "last_name": "", "email": "fitrilawati@phys.unpad.ac.id", "is_staff": false, "is_active": true, "date_joined": "2021-04-22T03:19:23Z", "groups": [3], "user_permissions": []}}, {"model": "auth.user", "pk": 14, "fields": {"password": "pbkdf2_sha256$216000$BSzdnJAypIYW$3/T26oLv/VkonnEx06gHm8Ep/40KPfSci6kobbeaokQ=", "last_login": null, "is_superuser": false, "username": "197010291997021002", "first_name": "Ayi Bahtiar", "last_name": "", "email": "ayi.bahtiar@phys.unpad.ac.id", "is_staff": false, "is_active": true, "date_joined": "2021-04-22T03:19:53Z", "groups": [3], "user_permissions": []}}, {"model": "auth.user", "pk": 15, "fields": {"password": "pbkdf2_sha256$216000$EwatEYlXzD5L$l+2GOhG8uTK4azU6YRbkhStGi+IQfJHfeucoqO2AF8w=", "last_login": null, "is_superuser": false, "username": "197303101998032001", "first_name": "Lusi Safriani", "last_name": "", "email": "", "is_staff": false, "is_active": true, "date_joined": "2021-04-22T03:20:28Z", "groups": [3], "user_permissions": []}}, {"model": "auth.user", "pk": 16, "fields": {"password": "pbkdf2_sha256$216000$xlOkYP5220T1$YjBSVOz2hwzuXptdBH/8bQyGh7WgUgApx6TfMLAvILU=", "last_login": null, "is_superuser": false, "username": "194301031969021001", "first_name": "Rustam E. Siregar", "last_name": "", "email": "", "is_staff": false, "is_active": true, "date_joined": "2021-04-22T03:21:06Z", "groups": [3], "user_permissions": []}}, {"model": "auth.user", "pk": 17, "fields": {"password": "pbkdf2_sha256$216000$ThVwGt0VA1wP$U0Qk5p1FxR+xHVJncFK02OfMX5Qhs95+qDVyI+rgriM=", "last_login": null, "is_superuser": false, "username": "196903231999031002", "first_name": "Liu Kin Men", "last_name": "", "email": "liu@phys.unpad.ac.id", "is_staff": false, "is_active": true, "date_joined": "2021-04-22T03:21:40Z", "groups": [3], "user_permissions": []}}, {"model": "auth.user", "pk": 18, "fields": {"password": "pbkdf2_sha256$216000$4LT3hyJyVTPh$tYd2pOf4UI1zyDCUP6SeXClHSp8A5a1CEb4HDVwDGlc=", "last_login": null, "is_superuser": false, "username": "197206012001121001", "first_name": "I Made Joni", "last_name": "", "email": "imadejoni@phys.unpad.ac.id", "is_staff": false, "is_active": true, "date_joined": "2021-04-22T03:22:16Z", "groups": [4], "user_permissions": []}}, {"model": "auth.user", "pk": 19, "fields": {"password": "pbkdf2_sha256$216000$WfA5Xva65cxl$lc8rga6p5lGyKuS4d57hQJ+dSry2qmTiKd1w7H0hqzA=", "last_login": null, "is_superuser": false, "username": "198204112006042002", "first_name": "Annisa Aprilia", "last_name": "", "email": "a.aprilia@phys.unpad.ac.id", "is_staff": false, "is_active": true, "date_joined": "2021-04-22T03:22:55Z", "groups": [3], "user_permissions": []}}, {"model": "auth.user", "pk": 20, "fields": {"password": "pbkdf2_sha256$216000$ZcCo4ljbOsEw$XW96m7U7BdFXngahi0/qI3JIsT78+bDyp1ZqbPFEPEY=", "last_login": null, "is_superuser": false, "username": "196808261996031001", "first_name": "Togar Saragi", "last_name": "", "email": "t.saragi@phys.unpad.ac.id", "is_staff": false, "is_active": true, "date_joined": "2021-04-22T03:23:29Z", "groups": [3], "user_permissions": []}}, {"model": "auth.user", "pk": 21, "fields": {"password": "pbkdf2_sha256$216000$TJGSG3TB9dxd$6mzfsBEt51n3NP0NrO7SnCwDGYQE4dfebBqXY2RcKnI=", "last_login": "2021-04-26T09:23:04Z", "is_superuser": false, "username": "198205172018093001", "first_name": "Budi Adiperdana", "last_name": "", "email": "budi.adiperdana@phys.unpad.ac.id", "is_staff": false, "is_active": true, "date_joined": "2021-04-22T03:24:38Z", "groups": [3], "user_permissions": []}}, {"model": "auth.user", "pk": 22, "fields": {"password": "pbkdf2_sha256$216000$agE5pHbpmSGH$0IXRUxgJBoNGb2d8UQJE8pY6WW39k+jjd/srSgEFf84=", "last_login": "2021-04-29T07:27:10.890Z", "is_superuser": false, "username": "tatausahaadmin", "first_name": "Tata Usaha", "last_name": "", "email": "", "is_staff": false, "is_active": true, "date_joined": "2021-04-22T03:25:07Z", "groups": [2], "user_permissions": []}}, {"model": "contenttypes.contenttype", "pk": 1, "fields": {"app_label": "admin", "model": "logentry"}}, {"model": "contenttypes.contenttype", "pk": 2, "fields": {"app_label": "auth", "model": "permission"}}, {"model": "contenttypes.contenttype", "pk": 3, "fields": {"app_label": "auth", "model": "group"}}, {"model": "contenttypes.contenttype", "pk": 4, "fields": {"app_label": "auth", "model": "user"}}, {"model": "contenttypes.contenttype", "pk": 5, "fields": {"app_label": "contenttypes", "model": "contenttype"}}, {"model": "contenttypes.contenttype", "pk": 6, "fields": {"app_label": "sessions", "model": "session"}}, {"model": "contenttypes.contenttype", "pk": 7, "fields": {"app_label": "penilaian", "model": "penulislain"}}, {"model": "contenttypes.contenttype", "pk": 8, "fields": {"app_label": "penilaian", "model": "reviewer"}}, {"model": "contenttypes.contenttype", "pk": 9, "fields": {"app_label": "penilaian", "model": "users"}}, {"model": "contenttypes.contenttype", "pk": 10, "fields": {"app_label": "penilaian", "model": "uploadberkasprosiding"}}, {"model": "contenttypes.contenttype", "pk": 11, "fields": {"app_label": "penilaian", "model": "uploadberkasjurnal"}}, {"model": "contenttypes.contenttype", "pk": 12, "fields": {"app_label": "penilaian", "model": "uploadberkashaki"}}, {"model": "contenttypes.contenttype", "pk": 13, "fields": {"app_label": "penilaian", "model": "uploadberkasbuku"}}, {"model": "contenttypes.contenttype", "pk": 14, "fields": {"app_label": "penilaian", "model": "penilaianberkasprosiding"}}, {"model": "contenttypes.contenttype", "pk": 15, "fields": {"app_label": "penilaian", "model": "penilaianberkasjurnal"}}, {"model": "contenttypes.contenttype", "pk": 16, "fields": {"app_label": "penilaian", "model": "penilaianberkashaki"}}, {"model": "contenttypes.contenttype", "pk": 17, "fields": {"app_label": "penilaian", "model": "penilaianberkasbuku"}}, {"model": "contenttypes.contenttype", "pk": 18, "fields": {"app_label": "penilaian", "model": "admin"}}, {"model": "sessions.session", "pk": "0jcqxy53eyw0y1oedx391v9eq81vds25", "fields": {"session_data": ".eJxVjE0OwiAYBe_C2hAKBYpL956B8P0gVQNJaVfGu2uTLnT7Zua9REzbWuLWeYkzibPw4vS7QcIH1x3QPdVbk9jquswgd0UetMtrI35eDvfvoKRevrUxKo00QNYTZZ8RVTKggiOygUcNxNaypUBWOzdMDjlgMBoD-QxglHh_AALnOKA:1lbmIE:cIO26jnS1nXeJChpgJJJrjaZj_q1ZN30axSu1ikyVvc", "expire_date": "2021-05-12T15:40:02.557Z"}}, {"model": "sessions.session", "pk": "0tgvyngm0azobrhoqbw8oxyzo2o9mcw0", "fields": {"session_data": ".eJxVjMsOwiAUBf-FtSFAeYhL9_0Gwn1UqgaS0q6M_65NutDtmZnzEilva0lb5yXNJC7CGHH6HSHjg-tO6J7rrUlsdV1mkLsiD9rl2Iif18P9Oyi5l28N0eHknCOOGXlgE0HFAZx32iCyAm3DQITMHj3YSYP14M9WB8RAisX7AykiOPQ:1lbm8g:dk-vC5B6myd2DYP4Dx2s_LvYWOtKR-cm09NEP5Bh8gY", "expire_date": "2021-05-12T15:30:10.098Z"}}, {"model": "sessions.session", "pk": "gfacu6yyq535tdvo93yx9iksxv66n3uz", "fields": {"session_data": ".eJxVjEEOwiAQRe_C2pAMMA3j0r1nIAwMUjWQlHZlvLs26UK3_733XyrEba1hG7KEOauzAnX63Timh7Qd5Htst65Tb-sys94VfdChrz3L83K4fwc1jvqtib1zYsGxGCIs3pLBySM5tobReEhoAMBCZA8iE0lJFjMw-mJzVu8Pszo3IA:1lbkK1:b5d0N_-pqjXcBTqjrTO5sxcdTRQ9KzB8mfzwJF-67ss", "expire_date": "2021-05-12T13:33:45.846Z"}}, {"model": "sessions.session", "pk": "ivhm2rk4kz8db9lkr3vq1ggw1yw3o8l8", "fields": {"session_data": ".eJxVjMsOwiAUBf-FtSFAeYhL9_0Gwn1UqgaS0q6M_65NutDtmZnzEilva0lb5yXNJC7CGHH6HSHjg-tO6J7rrUlsdV1mkLsiD9rl2Iif18P9Oyi5l28N0eHknCOOGXlgE0HFAZx32iCyAm3DQITMHj3YSYP14M9WB8RAisX7AykiOPQ:1lc14o:oMBhYRvznYaRrDbGf_0ZZthNe0Vt2egAyDzQIIM4aHE", "expire_date": "2021-05-13T07:27:10.895Z"}}, {"model": "sessions.session", "pk": "pvpmapcoc7moq9tvkydkqvthdqksr7bv", "fields": {"session_data": ".eJxVjMsOwiAUBf-FtSFAeYhL9_0Gwn1UqgaS0q6M_65NutDtmZnzEilva0lb5yXNJC7CGHH6HSHjg-tO6J7rrUlsdV1mkLsiD9rl2Iif18P9Oyi5l28N0eHknCOOGXlgE0HFAZx32iCyAm3DQITMHj3YSYP14M9WB8RAisX7AykiOPQ:1lc0Gm:akIes5nV7kBoW5GkthsHuxWS6kpwi4NkoOxKDF0lwcc", "expire_date": "2021-05-13T06:35:28.540Z"}}, {"model": "penilaian.users", "pk": 1, "fields": {"users": 16}}, {"model": "penilaian.users", "pk": 2, "fields": {"users": 12}}, {"model": "penilaian.users", "pk": 3, "fields": {"users": 3}}, {"model": "penilaian.users", "pk": 4, "fields": {"users": 8}}, {"model": "penilaian.users", "pk": 5, "fields": {"users": 13}}, {"model": "penilaian.users", "pk": 6, "fields": {"users": 20}}, {"model": "penilaian.users", "pk": 7, "fields": {"users": 17}}, {"model": "penilaian.users", "pk": 8, "fields": {"users": 11}}, {"model": "penilaian.users", "pk": 9, "fields": {"users": 14}}, {"model": "penilaian.users", "pk": 10, "fields": {"users": 18}}, {"model": "penilaian.users", "pk": 11, "fields": {"users": 15}}, {"model": "penilaian.users", "pk": 12, "fields": {"users": 4}}, {"model": "penilaian.users", "pk": 13, "fields": {"users": 5}}, {"model": "penilaian.users", "pk": 14, "fields": {"users": 2}}, {"model": "penilaian.users", "pk": 15, "fields": {"users": 7}}, {"model": "penilaian.users", "pk": 16, "fields": {"users": 6}}, {"model": "penilaian.users", "pk": 17, "fields": {"users": 19}}, {"model": "penilaian.users", "pk": 18, "fields": {"users": 21}}, {"model": "penilaian.users", "pk": 19, "fields": {"users": 10}}, {"model": "penilaian.users", "pk": 20, "fields": {"users": 9}}, {"model": "penilaian.reviewer", "pk": 1, "fields": {"reviewer": 2, "nama_lengkap": "Prof. Dr. Eng. Camellia Panatarani, M.Si.", "nip": "197403032003122002", "unit_kerja": "Fakultas Matematika dan Ilmu Pengetahuan Alam Unpad", "bidang_ilmu": "Fisika", "jabatan_pangkat": "Guru Besar"}}, {"model": "penilaian.reviewer", "pk": 2, "fields": {"reviewer": 18, "nama_lengkap": "Prof. Dr. Eng. I Made Joni, M.Sc", "nip": "197206012001121001", "unit_kerja": "Fakultas Matematika dan Ilmu Pengetahuan Alam Unpad", "bidang_ilmu": "Fisika", "jabatan_pangkat": "Guru Besar"}}, {"model": "penilaian.reviewer", "pk": 3, "fields": {"reviewer": 6, "nama_lengkap": "Prof. Dr. Risdiana, M.Eng", "nip": "197505051999031016", "unit_kerja": "Fakultas Matematika dan Ilmu Pengetahuan Alam Unpad", "bidang_ilmu": "Fisika", "jabatan_pangkat": "Guru Besar"}}, {"model": "penilaian.admin", "pk": 1, "fields": {"admin": 22}}, {"model": "penilaian.uploadberkasjurnal", "pk": 1, "fields": {"judul_artikel": "Graphene", "jmlh_penulis": 3, "nama_jurnal": "Nanoscience", "nomor_issn": null, "vol_no_bln_thn": null, "penerbit": null, "doi_artikel": null, "url_jurnal": null, "indeks_jurnal": "Scopus atau IEEE", "tingkat_jurnal": null, "kategori_publikasi": "Jurnal Ilmiah Internasional Bereputasi Berdampak", "upload_jurnal": "jurnal/isi/acs.jchemed.9b00331.pdf", "upload_cover": "", "corresponding_author": 13, "corresponding_author_selain": null, "penulis_utama": 3, "penulis_utama_selain": null, "plagiasi": null, "bukti_plagiasi": "", "linieritas": null, "is_verificated": true, "reviewer": 1, "uploaded": "2021-04-28T15:46:33.013Z", "slug": "graphene", "penulis_lain": [15], "penulis_selain": []}}]