[{"model": "admin.logentry", "pk": 1, "fields": {"action_time": "2021-04-22T03:04:49.800Z", "user": 1, "content_type": 4, "object_id": "2", "object_repr": " ", "action_flag": 1, "change_message": "[{\"added\": {}}]"}}, {"model": "admin.logentry", "pk": 2, "fields": {"action_time": "2021-04-22T03:05:55.748Z", "user": 1, "content_type": 4, "object_id": "2", "object_repr": "197403032003122002 ", "action_flag": 2, "change_message": "[{\"changed\": {\"fields\": [\"First name\"]}}]"}}, {"model": "admin.logentry", "pk": 3, "fields": {"action_time": "2021-04-22T03:06:14.563Z", "user": 1, "content_type": 3, "object_id": "1", "object_repr": "SuperAdmin", "action_flag": 1, "change_message": "[{\"added\": {}}]"}}, {"model": "admin.logentry", "pk": 4, "fields": {"action_time": "2021-04-22T03:06:18.306Z", "user": 1, "content_type": 3, "object_id": "2", "object_repr": "Admin", "action_flag": 1, "change_message": "[{\"added\": {}}]"}}, {"model": "admin.logentry", "pk": 5, "fields": {"action_time": "2021-04-22T03:07:02.205Z", "user": 1, "content_type": 3, "object_id": "2", "object_repr": "Admin", "action_flag": 2, "change_message": "[{\"changed\": {\"fields\": [\"Permissions\"]}}]"}}, {"model": "admin.logentry", "pk": 6, "fields": {"action_time": "2021-04-22T03:07:47.878Z", "user": 1, "content_type": 3, "object_id": "3", "object_repr": "Reviewer", "action_flag": 1, "change_message": "[{\"added\": {}}]"}}, {"model": "admin.logentry", "pk": 7, "fields": {"action_time": "2021-04-22T03:08:05.649Z", "user": 1, "content_type": 3, "object_id": "4", "object_repr": "User", "action_flag": 1, "change_message": "[{\"added\": {}}]"}}, {"model": "admin.logentry", "pk": 8, "fields": {"action_time": "2021-04-22T03:08:24.862Z", "user": 1, "content_type": 4, "object_id": "1", "object_repr": "Kepala Departemen ", "action_flag": 2, "change_message": "[{\"changed\": {\"fields\": [\"First name\", \"Groups\"]}}]"}}, {"model": "admin.logentry", "pk": 9, "fields": {"action_time": "2021-04-22T03:08:42.651Z", "user": 1, "content_type": 4, "object_id": "2", "object_repr": "Prof. Dr. Camellia Panatarani ", "action_flag": 2, "change_message": "[{\"changed\": {\"fields\": [\"First name\"]}}]"}}, {"model": "admin.logentry", "pk": 10, "fields": {"action_time": "2021-04-22T03:08:53.197Z", "user": 1, "content_type": 4, "object_id": "2", "object_repr": "Prof. Dr. Camellia Panatarani ", "action_flag": 2, "change_message": "[{\"changed\": {\"fields\": [\"Groups\"]}}]"}}, {"model": "admin.logentry", "pk": 11, "fields": {"action_time": "2021-04-22T03:10:26.765Z", "user": 1, "content_type": 4, "object_id": "2", "object_repr": "Prof. Dr. Camellia Panatarani ", "action_flag": 2, "change_message": "[{\"changed\": {\"fields\": [\"Email address\"]}}]"}}, {"model": "admin.logentry", "pk": 12, "fields": {"action_time": "2021-04-22T03:10:55.760Z", "user": 1, "content_type": 4, "object_id": "3", "object_repr": " ", "action_flag": 1, "change_message": "[{\"added\": {}}]"}}, {"model": "admin.logentry", "pk": 13, "fields": {"action_time": "2021-04-22T03:11:14.023Z", "user": 1, "content_type": 4, "object_id": "3", "object_repr": "Dra. Sri Suryaningsih, M.I.L ", "action_flag": 2, "change_message": "[{\"changed\": {\"fields\": [\"First name\", \"Email address\", \"Groups\"]}}]"}}, {"model": "admin.logentry", "pk": 14, "fields": {"action_time": "2021-04-22T03:11:34.554Z", "user": 1, "content_type": 4, "object_id": "4", "object_repr": " ", "action_flag": 1, "change_message": "[{\"added\": {}}]"}}, {"model": "admin.logentry", "pk": 15, "fields": {"action_time": "2021-04-22T03:11:59.646Z", "user": 1, "content_type": 4, "object_id": "4", "object_repr": "Dr. Sahrul Hidayat ", "action_flag": 2, "change_message": "[{\"changed\": {\"fields\": [\"First name\", \"Email address\", \"Groups\"]}}]"}}, {"model": "admin.logentry", "pk": 16, "fields": {"action_time": "2021-04-22T03:12:22.325Z", "user": 1, "content_type": 4, "object_id": "5", "object_repr": " ", "action_flag": 1, "change_message": "[{\"added\": {}}]"}}, {"model": "admin.logentry", "pk": 17, "fields": {"action_time": "2021-04-22T03:12:48.290Z", "user": 1, "content_type": 4, "object_id": "5", "object_repr": "Setianto, M.Si ", "action_flag": 2, "change_message": "[{\"changed\": {\"fields\": [\"First name\", \"Email address\", \"Groups\"]}}]"}}, {"model": "admin.logentry", "pk": 18, "fields": {"action_time": "2021-04-22T03:13:12.132Z", "user": 1, "content_type": 4, "object_id": "6", "object_repr": " ", "action_flag": 1, "change_message": "[{\"added\": {}}]"}}, {"model": "admin.logentry", "pk": 19, "fields": {"action_time": "2021-04-22T03:13:33.173Z", "user": 1, "content_type": 4, "object_id": "6", "object_repr": "Prof. Dr. Risdiana ", "action_flag": 2, "change_message": "[{\"changed\": {\"fields\": [\"First name\", \"Email address\", \"Groups\"]}}]"}}, {"model": "admin.logentry", "pk": 20, "fields": {"action_time": "2021-04-22T03:13:52.011Z", "user": 1, "content_type": 4, "object_id": "7", "object_repr": " ", "action_flag": 1, "change_message": "[{\"added\": {}}]"}}, {"model": "admin.logentry", "pk": 21, "fields": {"action_time": "2021-04-22T03:14:10.544Z", "user": 1, "content_type": 4, "object_id": "7", "object_repr": "Dr. Andri Abdurrochman, MT ", "action_flag": 2, "change_message": "[{\"changed\": {\"fields\": [\"First name\", \"Email address\", \"Groups\"]}}]"}}, {"model": "admin.logentry", "pk": 22, "fields": {"action_time": "2021-04-22T03:14:26.518Z", "user": 1, "content_type": 4, "object_id": "8", "object_repr": " ", "action_flag": 1, "change_message": "[{\"added\": {}}]"}}, {"model": "admin.logentry", "pk": 23, "fields": {"action_time": "2021-04-22T03:15:08.680Z", "user": 1, "content_type": 4, "object_id": "8", "object_repr": "Norman Syakir, M.Sc ", "action_flag": 2, "change_message": "[{\"changed\": {\"fields\": [\"First name\", \"Groups\"]}}]"}}, {"model": "admin.logentry", "pk": 24, "fields": {"action_time": "2021-04-22T03:15:27.889Z", "user": 1, "content_type": 4, "object_id": "9", "object_repr": " ", "action_flag": 1, "change_message": "[{\"added\": {}}]"}}, {"model": "admin.logentry", "pk": 25, "fields": {"action_time": "2021-04-22T03:15:54.887Z", "user": 1, "content_type": 4, "object_id": "9", "object_repr": "Dr. Nowo Riveli ", "action_flag": 2, "change_message": "[{\"changed\": {\"fields\": [\"First name\", \"Email address\", \"Groups\"]}}]"}}, {"model": "admin.logentry", "pk": 26, "fields": {"action_time": "2021-04-22T03:17:07.706Z", "user": 1, "content_type": 4, "object_id": "10", "object_repr": " ", "action_flag": 1, "change_message": "[{\"added\": {}}]"}}, {"model": "admin.logentry", "pk": 27, "fields": {"action_time": "2021-04-22T03:17:28.878Z", "user": 1, "content_type": 4, "object_id": "10", "object_repr": "Dr. Ferry Faizal ", "action_flag": 2, "change_message": "[{\"changed\": {\"fields\": [\"First name\", \"Email address\", \"Groups\"]}}]"}}, {"model": "admin.logentry", "pk": 28, "fields": {"action_time": "2021-04-22T03:17:44.780Z", "user": 1, "content_type": 4, "object_id": "11", "object_repr": " ", "action_flag": 1, "change_message": "[{\"added\": {}}]"}}, {"model": "admin.logentry", "pk": 29, "fields": {"action_time": "2021-04-22T03:18:04.684Z", "user": 1, "content_type": 4, "object_id": "11", "object_repr": "Otong Nurhilal, M.Si ", "action_flag": 2, "change_message": "[{\"changed\": {\"fields\": [\"First name\", \"Email address\", \"Groups\"]}}]"}}, {"model": "admin.logentry", "pk": 30, "fields": {"action_time": "2021-04-22T03:18:52.114Z", "user": 1, "content_type": 4, "object_id": "12", "object_repr": " ", "action_flag": 1, "change_message": "[{\"added\": {}}]"}}, {"model": "admin.logentry", "pk": 31, "fields": {"action_time": "2021-04-22T03:19:08.270Z", "user": 1, "content_type": 4, "object_id": "12", "object_repr": "Dr. Cukup Mulyana, MS ", "action_flag": 2, "change_message": "[{\"changed\": {\"fields\": [\"First name\", \"Groups\"]}}]"}}, {"model": "admin.logentry", "pk": 32, "fields": {"action_time": "2021-04-22T03:19:23.679Z", "user": 1, "content_type": 4, "object_id": "13", "object_repr": " ", "action_flag": 1, "change_message": "[{\"added\": {}}]"}}, {"model": "admin.logentry", "pk": 33, "fields": {"action_time": "2021-04-22T03:19:40.459Z", "user": 1, "content_type": 4, "object_id": "13", "object_repr": "Dr. Fitrilawati ", "action_flag": 2, "change_message": "[{\"changed\": {\"fields\": [\"First name\", \"Email address\", \"Groups\"]}}]"}}, {"model": "admin.logentry", "pk": 34, "fields": {"action_time": "2021-04-22T03:19:53.314Z", "user": 1, "content_type": 4, "object_id": "14", "object_repr": " ", "action_flag": 1, "change_message": "[{\"added\": {}}]"}}, {"model": "admin.logentry", "pk": 35, "fields": {"action_time": "2021-04-22T03:20:10.881Z", "user": 1, "content_type": 4, "object_id": "14", "object_repr": "Dr. rer. nat. Ayi Bahtiar ", "action_flag": 2, "change_message": "[{\"changed\": {\"fields\": [\"First name\", \"Email address\", \"Groups\"]}}]"}}, {"model": "admin.logentry", "pk": 36, "fields": {"action_time": "2021-04-22T03:20:28.489Z", "user": 1, "content_type": 4, "object_id": "15", "object_repr": " ", "action_flag": 1, "change_message": "[{\"added\": {}}]"}}, {"model": "admin.logentry", "pk": 37, "fields": {"action_time": "2021-04-22T03:20:47.326Z", "user": 1, "content_type": 4, "object_id": "15", "object_repr": "Dr. Lusi Safriani ", "action_flag": 2, "change_message": "[{\"changed\": {\"fields\": [\"First name\", \"Groups\"]}}]"}}, {"model": "admin.logentry", "pk": 38, "fields": {"action_time": "2021-04-22T03:21:06.418Z", "user": 1, "content_type": 4, "object_id": "16", "object_repr": " ", "action_flag": 1, "change_message": "[{\"added\": {}}]"}}, {"model": "admin.logentry", "pk": 39, "fields": {"action_time": "2021-04-22T03:21:24.808Z", "user": 1, "content_type": 4, "object_id": "16", "object_repr": "Prof. (E) Rustam E. Siregar ", "action_flag": 2, "change_message": "[{\"changed\": {\"fields\": [\"First name\", \"Groups\"]}}]"}}, {"model": "admin.logentry", "pk": 40, "fields": {"action_time": "2021-04-22T03:21:40.940Z", "user": 1, "content_type": 4, "object_id": "17", "object_repr": " ", "action_flag": 1, "change_message": "[{\"added\": {}}]"}}, {"model": "admin.logentry", "pk": 41, "fields": {"action_time": "2021-04-22T03:21:58.652Z", "user": 1, "content_type": 4, "object_id": "17", "object_repr": "Liu Kin Men, M.Si ", "action_flag": 2, "change_message": "[{\"changed\": {\"fields\": [\"First name\", \"Email address\", \"Groups\"]}}]"}}, {"model": "admin.logentry", "pk": 42, "fields": {"action_time": "2021-04-22T03:22:16.621Z", "user": 1, "content_type": 4, "object_id": "18", "object_repr": " ", "action_flag": 1, "change_message": "[{\"added\": {}}]"}}, {"model": "admin.logentry", "pk": 43, "fields": {"action_time": "2021-04-22T03:22:32.612Z", "user": 1, "content_type": 4, "object_id": "18", "object_repr": "Prof. Dr. I Made Joni, M.Sc ", "action_flag": 2, "change_message": "[{\"changed\": {\"fields\": [\"First name\", \"Email address\", \"Groups\"]}}]"}}, {"model": "admin.logentry", "pk": 44, "fields": {"action_time": "2021-04-22T03:22:55.737Z", "user": 1, "content_type": 4, "object_id": "19", "object_repr": " ", "action_flag": 1, "change_message": "[{\"added\": {}}]"}}, {"model": "admin.logentry", "pk": 45, "fields": {"action_time": "2021-04-22T03:23:14.531Z", "user": 1, "content_type": 4, "object_id": "19", "object_repr": "Dr. Annisa Aprilia, M.Si ", "action_flag": 2, "change_message": "[{\"changed\": {\"fields\": [\"First name\", \"Groups\"]}}]"}}, {"model": "admin.logentry", "pk": 46, "fields": {"action_time": "2021-04-22T03:23:29.237Z", "user": 1, "content_type": 4, "object_id": "20", "object_repr": " ", "action_flag": 1, "change_message": "[{\"added\": {}}]"}}, {"model": "admin.logentry", "pk": 47, "fields": {"action_time": "2021-04-22T03:23:55.835Z", "user": 1, "content_type": 4, "object_id": "20", "object_repr": "Dr. Togar Saragi ", "action_flag": 2, "change_message": "[{\"changed\": {\"fields\": [\"First name\", \"Email address\", \"Groups\"]}}]"}}, {"model": "admin.logentry", "pk": 48, "fields": {"action_time": "2021-04-22T03:24:13.474Z", "user": 1, "content_type": 4, "object_id": "19", "object_repr": "Dr. Annisa Aprilia, M.Si ", "action_flag": 2, "change_message": "[{\"changed\": {\"fields\": [\"Email address\"]}}]"}}, {"model": "admin.logentry", "pk": 49, "fields": {"action_time": "2021-04-22T03:24:38.311Z", "user": 1, "content_type": 4, "object_id": "21", "object_repr": " ", "action_flag": 1, "change_message": "[{\"added\": {}}]"}}, {"model": "admin.logentry", "pk": 50, "fields": {"action_time": "2021-04-22T03:24:48.580Z", "user": 1, "content_type": 4, "object_id": "21", "object_repr": "Dr. Budi Adiperdana, M.Si. ", "action_flag": 2, "change_message": "[{\"changed\": {\"fields\": [\"First name\", \"Email address\", \"Groups\"]}}]"}}, {"model": "admin.logentry", "pk": 51, "fields": {"action_time": "2021-04-22T03:25:07.445Z", "user": 1, "content_type": 4, "object_id": "22", "object_repr": " ", "action_flag": 1, "change_message": "[{\"added\": {}}]"}}, {"model": "admin.logentry", "pk": 52, "fields": {"action_time": "2021-04-22T03:25:17.078Z", "user": 1, "content_type": 4, "object_id": "22", "object_repr": "Tata Usaha ", "action_flag": 2, "change_message": "[{\"changed\": {\"fields\": [\"First name\", \"Groups\"]}}]"}}, {"model": "admin.logentry", "pk": 53, "fields": {"action_time": "2021-04-22T03:25:42.485Z", "user": 1, "content_type": 18, "object_id": "1", "object_repr": "Tata Usaha ", "action_flag": 1, "change_message": "[{\"added\": {}}]"}}, {"model": "admin.logentry", "pk": 54, "fields": {"action_time": "2021-04-22T03:26:58.594Z", "user": 1, "content_type": 8, "object_id": "1", "object_repr": "Prof. Dr. I Made Joni, M.Sc ", "action_flag": 1, "change_message": "[{\"added\": {}}]"}}, {"model": "admin.logentry", "pk": 55, "fields": {"action_time": "2021-04-22T03:27:20.818Z", "user": 1, "content_type": 8, "object_id": "2", "object_repr": "Prof. Dr. Camellia Panatarani ", "action_flag": 1, "change_message": "[{\"added\": {}}]"}}, {"model": "admin.logentry", "pk": 56, "fields": {"action_time": "2021-04-22T03:27:50.292Z", "user": 1, "content_type": 8, "object_id": "3", "object_repr": "Prof. Dr. Risdiana ", "action_flag": 1, "change_message": "[{\"added\": {}}]"}}, {"model": "admin.logentry", "pk": 57, "fields": {"action_time": "2021-04-22T03:27:58.567Z", "user": 1, "content_type": 9, "object_id": "1", "object_repr": "Prof. (E) Rustam E. Siregar ", "action_flag": 1, "change_message": "[{\"added\": {}}]"}}, {"model": "admin.logentry", "pk": 58, "fields": {"action_time": "2021-04-22T03:28:01.365Z", "user": 1, "content_type": 9, "object_id": "2", "object_repr": "Dr. Cukup Mulyana, MS ", "action_flag": 1, "change_message": "[{\"added\": {}}]"}}, {"model": "admin.logentry", "pk": 59, "fields": {"action_time": "2021-04-22T03:28:04.491Z", "user": 1, "content_type": 9, "object_id": "3", "object_repr": "Dra. Sri Suryaningsih, M.I.L ", "action_flag": 1, "change_message": "[{\"added\": {}}]"}}, {"model": "admin.logentry", "pk": 60, "fields": {"action_time": "2021-04-22T03:28:07.177Z", "user": 1, "content_type": 9, "object_id": "4", "object_repr": "Norman Syakir, M.Sc ", "action_flag": 1, "change_message": "[{\"added\": {}}]"}}, {"model": "admin.logentry", "pk": 61, "fields": {"action_time": "2021-04-22T03:28:10.835Z", "user": 1, "content_type": 9, "object_id": "5", "object_repr": "Dr. Fitrilawati ", "action_flag": 1, "change_message": "[{\"added\": {}}]"}}, {"model": "admin.logentry", "pk": 62, "fields": {"action_time": "2021-04-22T03:28:15.013Z", "user": 1, "content_type": 9, "object_id": "6", "object_repr": "Dr. Togar Saragi ", "action_flag": 1, "change_message": "[{\"added\": {}}]"}}, {"model": "admin.logentry", "pk": 63, "fields": {"action_time": "2021-04-22T03:28:17.909Z", "user": 1, "content_type": 9, "object_id": "7", "object_repr": "Liu Kin Men, M.Si ", "action_flag": 1, "change_message": "[{\"added\": {}}]"}}, {"model": "admin.logentry", "pk": 64, "fields": {"action_time": "2021-04-22T03:28:22.921Z", "user": 1, "content_type": 9, "object_id": "8", "object_repr": "Otong Nurhilal, M.Si ", "action_flag": 1, "change_message": "[{\"added\": {}}]"}}, {"model": "admin.logentry", "pk": 65, "fields": {"action_time": "2021-04-22T03:28:26.238Z", "user": 1, "content_type": 9, "object_id": "9", "object_repr": "Dr. rer. nat. Ayi Bahtiar ", "action_flag": 1, "change_message": "[{\"added\": {}}]"}}, {"model": "admin.logentry", "pk": 66, "fields": {"action_time": "2021-04-22T03:28:30.243Z", "user": 1, "content_type": 9, "object_id": "10", "object_repr": "Prof. Dr. I Made Joni, M.Sc ", "action_flag": 1, "change_message": "[{\"added\": {}}]"}}, {"model": "admin.logentry", "pk": 67, "fields": {"action_time": "2021-04-22T03:28:33.762Z", "user": 1, "content_type": 9, "object_id": "11", "object_repr": "Dr. Lusi Safriani ", "action_flag": 1, "change_message": "[{\"added\": {}}]"}}, {"model": "admin.logentry", "pk": 68, "fields": {"action_time": "2021-04-22T03:28:36.401Z", "user": 1, "content_type": 9, "object_id": "12", "object_repr": "Dr. Sahrul Hidayat ", "action_flag": 1, "change_message": "[{\"added\": {}}]"}}, {"model": "admin.logentry", "pk": 69, "fields": {"action_time": "2021-04-22T03:28:39.902Z", "user": 1, "content_type": 9, "object_id": "13", "object_repr": "Setianto, M.Si ", "action_flag": 1, "change_message": "[{\"added\": {}}]"}}, {"model": "admin.logentry", "pk": 70, "fields": {"action_time": "2021-04-22T03:28:46.456Z", "user": 1, "content_type": 9, "object_id": "14", "object_repr": "Prof. Dr. Camellia Panatarani ", "action_flag": 1, "change_message": "[{\"added\": {}}]"}}, {"model": "admin.logentry", "pk": 71, "fields": {"action_time": "2021-04-22T03:28:49.924Z", "user": 1, "content_type": 9, "object_id": "15", "object_repr": "Dr. Andri Abdurrochman, MT ", "action_flag": 1, "change_message": "[{\"added\": {}}]"}}, {"model": "admin.logentry", "pk": 72, "fields": {"action_time": "2021-04-22T03:28:56.643Z", "user": 1, "content_type": 9, "object_id": "16", "object_repr": "Prof. Dr. Risdiana ", "action_flag": 1, "change_message": "[{\"added\": {}}]"}}, {"model": "admin.logentry", "pk": 73, "fields": {"action_time": "2021-04-22T03:29:00.688Z", "user": 1, "content_type": 9, "object_id": "17", "object_repr": "Dr. Annisa Aprilia, M.Si ", "action_flag": 1, "change_message": "[{\"added\": {}}]"}}, {"model": "admin.logentry", "pk": 74, "fields": {"action_time": "2021-04-22T03:29:07.548Z", "user": 1, "content_type": 9, "object_id": "18", "object_repr": "Dr. Budi Adiperdana, M.Si. ", "action_flag": 1, "change_message": "[{\"added\": {}}]"}}, {"model": "admin.logentry", "pk": 75, "fields": {"action_time": "2021-04-22T03:29:12.112Z", "user": 1, "content_type": 9, "object_id": "19", "object_repr": "Dr. Ferry Faizal ", "action_flag": 1, "change_message": "[{\"added\": {}}]"}}, {"model": "admin.logentry", "pk": 76, "fields": {"action_time": "2021-04-22T03:29:18.319Z", "user": 1, "content_type": 9, "object_id": "20", "object_repr": "Dr. Nowo Riveli ", "action_flag": 1, "change_message": "[{\"added\": {}}]"}}, {"model": "admin.logentry", "pk": 77, "fields": {"action_time": "2021-04-26T02:59:17.478Z", "user": 1, "content_type": 16, "object_id": "1", "object_repr": "Paten", "action_flag": 3, "change_message": ""}}, {"model": "admin.logentry", "pk": 78, "fields": {"action_time": "2021-04-26T03:03:55.085Z", "user": 1, "content_type": 16, "object_id": "2", "object_repr": "Paten", "action_flag": 3, "change_message": ""}}, {"model": "admin.logentry", "pk": 79, "fields": {"action_time": "2021-04-26T03:04:12.117Z", "user": 1, "content_type": 16, "object_id": "3", "object_repr": "Paten", "action_flag": 1, "change_message": "[{\"added\": {}}]"}}, {"model": "admin.logentry", "pk": 80, "fields": {"action_time": "2021-04-26T03:13:03.513Z", "user": 1, "content_type": 16, "object_id": "3", "object_repr": "Paten", "action_flag": 2, "change_message": "[]"}}, {"model": "admin.logentry", "pk": 81, "fields": {"action_time": "2021-04-26T03:13:14.011Z", "user": 1, "content_type": 16, "object_id": "3", "object_repr": "Paten", "action_flag": 3, "change_message": ""}}, {"model": "admin.logentry", "pk": 82, "fields": {"action_time": "2021-04-26T03:13:28.466Z", "user": 1, "content_type": 16, "object_id": "4", "object_repr": "Paten", "action_flag": 1, "change_message": "[{\"added\": {}}]"}}, {"model": "admin.logentry", "pk": 83, "fields": {"action_time": "2021-04-26T03:23:41.461Z", "user": 1, "content_type": 15, "object_id": "1", "object_repr": "Graphene", "action_flag": 2, "change_message": "[]"}}, {"model": "admin.logentry", "pk": 84, "fields": {"action_time": "2021-04-26T03:23:47.915Z", "user": 1, "content_type": 15, "object_id": "1", "object_repr": "Graphene", "action_flag": 3, "change_message": ""}}, {"model": "admin.logentry", "pk": 85, "fields": {"action_time": "2021-04-26T03:24:03.778Z", "user": 1, "content_type": 15, "object_id": "2", "object_repr": "Graphene", "action_flag": 1, "change_message": "[{\"added\": {}}]"}}, {"model": "admin.logentry", "pk": 86, "fields": {"action_time": "2021-04-26T03:25:51.272Z", "user": 1, "content_type": 15, "object_id": "2", "object_repr": "Graphene", "action_flag": 3, "change_message": ""}}, {"model": "admin.logentry", "pk": 87, "fields": {"action_time": "2021-04-26T03:26:04.555Z", "user": 1, "content_type": 15, "object_id": "3", "object_repr": "Graphene", "action_flag": 1, "change_message": "[{\"added\": {}}]"}}, {"model": "admin.logentry", "pk": 88, "fields": {"action_time": "2021-04-26T03:32:11.513Z", "user": 1, "content_type": 15, "object_id": "3", "object_repr": "Graphene", "action_flag": 3, "change_message": ""}}, {"model": "admin.logentry", "pk": 89, "fields": {"action_time": "2021-04-26T03:32:26.967Z", "user": 1, "content_type": 15, "object_id": "4", "object_repr": "Graphene", "action_flag": 1, "change_message": "[{\"added\": {}}]"}}, {"model": "admin.logentry", "pk": 90, "fields": {"action_time": "2021-04-26T04:53:01.369Z", "user": 1, "content_type": 17, "object_id": "1", "object_repr": "Udahlah", "action_flag": 3, "change_message": ""}}, {"model": "admin.logentry", "pk": 91, "fields": {"action_time": "2021-04-26T04:53:14.751Z", "user": 1, "content_type": 17, "object_id": "2", "object_repr": "Udahlah", "action_flag": 1, "change_message": "[{\"added\": {}}]"}}, {"model": "admin.logentry", "pk": 92, "fields": {"action_time": "2021-04-26T04:56:31.984Z", "user": 1, "content_type": 17, "object_id": "2", "object_repr": "Udahlah", "action_flag": 3, "change_message": ""}}, {"model": "admin.logentry", "pk": 93, "fields": {"action_time": "2021-04-26T04:56:43.020Z", "user": 1, "content_type": 17, "object_id": "3", "object_repr": "Udahlah", "action_flag": 1, "change_message": "[{\"added\": {}}]"}}, {"model": "admin.logentry", "pk": 94, "fields": {"action_time": "2021-04-26T05:30:03.185Z", "user": 1, "content_type": 17, "object_id": "3", "object_repr": "Udahlah", "action_flag": 3, "change_message": ""}}, {"model": "admin.logentry", "pk": 95, "fields": {"action_time": "2021-04-26T05:30:28.872Z", "user": 1, "content_type": 17, "object_id": "4", "object_repr": "Udahlah", "action_flag": 1, "change_message": "[{\"added\": {}}]"}}, {"model": "admin.logentry", "pk": 96, "fields": {"action_time": "2021-04-26T07:29:10.893Z", "user": 1, "content_type": 17, "object_id": "5", "object_repr": "Book", "action_flag": 3, "change_message": ""}}, {"model": "admin.logentry", "pk": 97, "fields": {"action_time": "2021-04-26T07:29:44.896Z", "user": 1, "content_type": 17, "object_id": "6", "object_repr": "Book", "action_flag": 1, "change_message": "[{\"added\": {}}]"}}, {"model": "admin.logentry", "pk": 98, "fields": {"action_time": "2021-04-26T07:31:12.624Z", "user": 1, "content_type": 17, "object_id": "6", "object_repr": "Book", "action_flag": 2, "change_message": "[]"}}, {"model": "admin.logentry", "pk": 99, "fields": {"action_time": "2021-04-26T07:31:41.403Z", "user": 1, "content_type": 17, "object_id": "6", "object_repr": "Book", "action_flag": 2, "change_message": "[]"}}, {"model": "admin.logentry", "pk": 100, "fields": {"action_time": "2021-04-26T07:31:55.120Z", "user": 1, "content_type": 17, "object_id": "4", "object_repr": "Udahlah", "action_flag": 2, "change_message": "[]"}}, {"model": "admin.logentry", "pk": 101, "fields": {"action_time": "2021-04-26T07:33:36.299Z", "user": 1, "content_type": 16, "object_id": "4", "object_repr": "Paten", "action_flag": 2, "change_message": "[]"}}, {"model": "admin.logentry", "pk": 102, "fields": {"action_time": "2021-04-26T08:51:31.431Z", "user": 1, "content_type": 4, "object_id": "2", "object_repr": "Prof. Dr. Camellia Panatarani ", "action_flag": 2, "change_message": "[{\"changed\": {\"fields\": [\"Email address\"]}}]"}}, {"model": "admin.logentry", "pk": 103, "fields": {"action_time": "2021-04-26T08:57:51.764Z", "user": 1, "content_type": 4, "object_id": "6", "object_repr": "Prof. Dr. Risdiana ", "action_flag": 2, "change_message": "[{\"changed\": {\"fields\": [\"Email address\"]}}]"}}, {"model": "admin.logentry", "pk": 104, "fields": {"action_time": "2021-04-26T08:58:06.471Z", "user": 1, "content_type": 4, "object_id": "18", "object_repr": "Prof. Dr. I Made Joni, M.Sc ", "action_flag": 2, "change_message": "[{\"changed\": {\"fields\": [\"Email address\"]}}]"}}, {"model": "auth.permission", "pk": 1, "fields": {"name": "Can add log entry", "content_type": 1, "codename": "add_logentry"}}, {"model": "auth.permission", "pk": 2, "fields": {"name": "Can change log entry", "content_type": 1, "codename": "change_logentry"}}, {"model": "auth.permission", "pk": 3, "fields": {"name": "Can delete log entry", "content_type": 1, "codename": "delete_logentry"}}, {"model": "auth.permission", "pk": 4, "fields": {"name": "Can view log entry", "content_type": 1, "codename": "view_logentry"}}, {"model": "auth.permission", "pk": 5, "fields": {"name": "Can add permission", "content_type": 2, "codename": "add_permission"}}, {"model": "auth.permission", "pk": 6, "fields": {"name": "Can change permission", "content_type": 2, "codename": "change_permission"}}, {"model": "auth.permission", "pk": 7, "fields": {"name": "Can delete permission", "content_type": 2, "codename": "delete_permission"}}, {"model": "auth.permission", "pk": 8, "fields": {"name": "Can view permission", "content_type": 2, "codename": "view_permission"}}, {"model": "auth.permission", "pk": 9, "fields": {"name": "Can add group", "content_type": 3, "codename": "add_group"}}, {"model": "auth.permission", "pk": 10, "fields": {"name": "Can change group", "content_type": 3, "codename": "change_group"}}, {"model": "auth.permission", "pk": 11, "fields": {"name": "Can delete group", "content_type": 3, "codename": "delete_group"}}, {"model": "auth.permission", "pk": 12, "fields": {"name": "Can view group", "content_type": 3, "codename": "view_group"}}, {"model": "auth.permission", "pk": 13, "fields": {"name": "Can add user", "content_type": 4, "codename": "add_user"}}, {"model": "auth.permission", "pk": 14, "fields": {"name": "Can change user", "content_type": 4, "codename": "change_user"}}, {"model": "auth.permission", "pk": 15, "fields": {"name": "Can delete user", "content_type": 4, "codename": "delete_user"}}, {"model": "auth.permission", "pk": 16, "fields": {"name": "Can view user", "content_type": 4, "codename": "view_user"}}, {"model": "auth.permission", "pk": 17, "fields": {"name": "Can add content type", "content_type": 5, "codename": "add_contenttype"}}, {"model": "auth.permission", "pk": 18, "fields": {"name": "Can change content type", "content_type": 5, "codename": "change_contenttype"}}, {"model": "auth.permission", "pk": 19, "fields": {"name": "Can delete content type", "content_type": 5, "codename": "delete_contenttype"}}, {"model": "auth.permission", "pk": 20, "fields": {"name": "Can view content type", "content_type": 5, "codename": "view_contenttype"}}, {"model": "auth.permission", "pk": 21, "fields": {"name": "Can add session", "content_type": 6, "codename": "add_session"}}, {"model": "auth.permission", "pk": 22, "fields": {"name": "Can change session", "content_type": 6, "codename": "change_session"}}, {"model": "auth.permission", "pk": 23, "fields": {"name": "Can delete session", "content_type": 6, "codename": "delete_session"}}, {"model": "auth.permission", "pk": 24, "fields": {"name": "Can view session", "content_type": 6, "codename": "view_session"}}, {"model": "auth.permission", "pk": 25, "fields": {"name": "Can add penulis lain", "content_type": 7, "codename": "add_penulislain"}}, {"model": "auth.permission", "pk": 26, "fields": {"name": "Can change penulis lain", "content_type": 7, "codename": "change_penulislain"}}, {"model": "auth.permission", "pk": 27, "fields": {"name": "Can delete penulis lain", "content_type": 7, "codename": "delete_penulislain"}}, {"model": "auth.permission", "pk": 28, "fields": {"name": "Can view penulis lain", "content_type": 7, "codename": "view_penulislain"}}, {"model": "auth.permission", "pk": 29, "fields": {"name": "Can add reviewer", "content_type": 8, "codename": "add_reviewer"}}, {"model": "auth.permission", "pk": 30, "fields": {"name": "Can change reviewer", "content_type": 8, "codename": "change_reviewer"}}, {"model": "auth.permission", "pk": 31, "fields": {"name": "Can delete reviewer", "content_type": 8, "codename": "delete_reviewer"}}, {"model": "auth.permission", "pk": 32, "fields": {"name": "Can view reviewer", "content_type": 8, "codename": "view_reviewer"}}, {"model": "auth.permission", "pk": 33, "fields": {"name": "Can add users", "content_type": 9, "codename": "add_users"}}, {"model": "auth.permission", "pk": 34, "fields": {"name": "Can change users", "content_type": 9, "codename": "change_users"}}, {"model": "auth.permission", "pk": 35, "fields": {"name": "Can delete users", "content_type": 9, "codename": "delete_users"}}, {"model": "auth.permission", "pk": 36, "fields": {"name": "Can view users", "content_type": 9, "codename": "view_users"}}, {"model": "auth.permission", "pk": 37, "fields": {"name": "Can add upload berkas prosiding", "content_type": 10, "codename": "add_uploadberkasprosiding"}}, {"model": "auth.permission", "pk": 38, "fields": {"name": "Can change upload berkas prosiding", "content_type": 10, "codename": "change_uploadberkasprosiding"}}, {"model": "auth.permission", "pk": 39, "fields": {"name": "Can delete upload berkas prosiding", "content_type": 10, "codename": "delete_uploadberkasprosiding"}}, {"model": "auth.permission", "pk": 40, "fields": {"name": "Can view upload berkas prosiding", "content_type": 10, "codename": "view_uploadberkasprosiding"}}, {"model": "auth.permission", "pk": 41, "fields": {"name": "Can add upload berkas jurnal", "content_type": 11, "codename": "add_uploadberkasjurnal"}}, {"model": "auth.permission", "pk": 42, "fields": {"name": "Can change upload berkas jurnal", "content_type": 11, "codename": "change_uploadberkasjurnal"}}, {"model": "auth.permission", "pk": 43, "fields": {"name": "Can delete upload berkas jurnal", "content_type": 11, "codename": "delete_uploadberkasjurnal"}}, {"model": "auth.permission", "pk": 44, "fields": {"name": "Can view upload berkas jurnal", "content_type": 11, "codename": "view_uploadberkasjurnal"}}, {"model": "auth.permission", "pk": 45, "fields": {"name": "Can add upload berkas haki", "content_type": 12, "codename": "add_uploadberkashaki"}}, {"model": "auth.permission", "pk": 46, "fields": {"name": "Can change upload berkas haki", "content_type": 12, "codename": "change_uploadberkashaki"}}, {"model": "auth.permission", "pk": 47, "fields": {"name": "Can delete upload berkas haki", "content_type": 12, "codename": "delete_uploadberkashaki"}}, {"model": "auth.permission", "pk": 48, "fields": {"name": "Can view upload berkas haki", "content_type": 12, "codename": "view_uploadberkashaki"}}, {"model": "auth.permission", "pk": 49, "fields": {"name": "Can add upload berkas buku", "content_type": 13, "codename": "add_uploadberkasbuku"}}, {"model": "auth.permission", "pk": 50, "fields": {"name": "Can change upload berkas buku", "content_type": 13, "codename": "change_uploadberkasbuku"}}, {"model": "auth.permission", "pk": 51, "fields": {"name": "Can delete upload berkas buku", "content_type": 13, "codename": "delete_uploadberkasbuku"}}, {"model": "auth.permission", "pk": 52, "fields": {"name": "Can view upload berkas buku", "content_type": 13, "codename": "view_uploadberkasbuku"}}, {"model": "auth.permission", "pk": 53, "fields": {"name": "Can add penilaian berkas prosiding", "content_type": 14, "codename": "add_penilaianberkasprosiding"}}, {"model": "auth.permission", "pk": 54, "fields": {"name": "Can change penilaian berkas prosiding", "content_type": 14, "codename": "change_penilaianberkasprosiding"}}, {"model": "auth.permission", "pk": 55, "fields": {"name": "Can delete penilaian berkas prosiding", "content_type": 14, "codename": "delete_penilaianberkasprosiding"}}, {"model": "auth.permission", "pk": 56, "fields": {"name": "Can view penilaian berkas prosiding", "content_type": 14, "codename": "view_penilaianberkasprosiding"}}, {"model": "auth.permission", "pk": 57, "fields": {"name": "Can add penilaian berkas jurnal", "content_type": 15, "codename": "add_penilaianberkasjurnal"}}, {"model": "auth.permission", "pk": 58, "fields": {"name": "Can change penilaian berkas jurnal", "content_type": 15, "codename": "change_penilaianberkasjurnal"}}, {"model": "auth.permission", "pk": 59, "fields": {"name": "Can delete penilaian berkas jurnal", "content_type": 15, "codename": "delete_penilaianberkasjurnal"}}, {"model": "auth.permission", "pk": 60, "fields": {"name": "Can view penilaian berkas jurnal", "content_type": 15, "codename": "view_penilaianberkasjurnal"}}, {"model": "auth.permission", "pk": 61, "fields": {"name": "Can add penilaian berkas haki", "content_type": 16, "codename": "add_penilaianberkashaki"}}, {"model": "auth.permission", "pk": 62, "fields": {"name": "Can change penilaian berkas haki", "content_type": 16, "codename": "change_penilaianberkashaki"}}, {"model": "auth.permission", "pk": 63, "fields": {"name": "Can delete penilaian berkas haki", "content_type": 16, "codename": "delete_penilaianberkashaki"}}, {"model": "auth.permission", "pk": 64, "fields": {"name": "Can view penilaian berkas haki", "content_type": 16, "codename": "view_penilaianberkashaki"}}, {"model": "auth.permission", "pk": 65, "fields": {"name": "Can add penilaian berkas buku", "content_type": 17, "codename": "add_penilaianberkasbuku"}}, {"model": "auth.permission", "pk": 66, "fields": {"name": "Can change penilaian berkas buku", "content_type": 17, "codename": "change_penilaianberkasbuku"}}, {"model": "auth.permission", "pk": 67, "fields": {"name": "Can delete penilaian berkas buku", "content_type": 17, "codename": "delete_penilaianberkasbuku"}}, {"model": "auth.permission", "pk": 68, "fields": {"name": "Can view penilaian berkas buku", "content_type": 17, "codename": "view_penilaianberkasbuku"}}, {"model": "auth.permission", "pk": 69, "fields": {"name": "Can add admin", "content_type": 18, "codename": "add_admin"}}, {"model": "auth.permission", "pk": 70, "fields": {"name": "Can change admin", "content_type": 18, "codename": "change_admin"}}, {"model": "auth.permission", "pk": 71, "fields": {"name": "Can delete admin", "content_type": 18, "codename": "delete_admin"}}, {"model": "auth.permission", "pk": 72, "fields": {"name": "Can view admin", "content_type": 18, "codename": "view_admin"}}, {"model": "auth.group", "pk": 1, "fields": {"name": "SuperAdmin", "permissions": [1, 2, 3, 4, 9, 10, 11, 12, 5, 6, 7, 8, 13, 14, 15, 16, 17, 18, 19, 20, 69, 70, 71, 72, 65, 66, 67, 68, 61, 62, 63, 64, 57, 58, 59, 60, 53, 54, 55, 56, 25, 26, 27, 28, 29, 30, 31, 32, 49, 50, 51, 52, 45, 46, 47, 48, 41, 42, 43, 44, 37, 38, 39, 40, 33, 34, 35, 36, 21, 22, 23, 24]}}, {"model": "auth.group", "pk": 2, "fields": {"name": "Admin", "permissions": [49, 50, 51, 52, 45, 46, 47, 48, 41, 42, 43, 44, 37, 38, 39, 40]}}, {"model": "auth.group", "pk": 3, "fields": {"name": "Reviewer", "permissions": [65, 66, 67, 68, 61, 62, 63, 64, 57, 58, 59, 60, 53, 54, 55, 56, 49, 50, 51, 52, 45, 46, 47, 48, 41, 42, 43, 44, 37, 38, 39, 40]}}, {"model": "auth.group", "pk": 4, "fields": {"name": "User", "permissions": [49, 50, 51, 52, 45, 46, 47, 48, 41, 42, 43, 44, 37, 38, 39, 40]}}, {"model": "auth.user", "pk": 1, "fields": {"password": "pbkdf2_sha256$216000$V1I6DbdhQDL8$gCpT7J9SbnR03EQjfcRAOFu+06cWUXoMhhBDQ4tEwXQ=", "last_login": "2021-04-25T02:37:59.375Z", "is_superuser": true, "username": "kadepfisika", "first_name": "Kepala Departemen", "last_name": "", "email": "mrzdtydlntm@gmail.com", "is_staff": true, "is_active": true, "date_joined": "2021-04-22T03:04:22Z", "groups": [1], "user_permissions": []}}, {"model": "auth.user", "pk": 2, "fields": {"password": "pbkdf2_sha256$216000$wiqWAKipwPaT$DBcbVYSgA0o9/o61iDvJ6zRBnOB1etSJXThsNtM8Jyc=", "last_login": null, "is_superuser": false, "username": "197403032003122002", "first_name": "Prof. Dr. Camellia Panatarani", "last_name": "", "email": "mrzdtydlntm@gmail.com", "is_staff": false, "is_active": true, "date_joined": "2021-04-22T03:04:49Z", "groups": [3], "user_permissions": []}}, {"model": "auth.user", "pk": 3, "fields": {"password": "pbkdf2_sha256$216000$dcH4Egi9az4I$qY9TaO+x4VnOyq91bat04TVsomYvNvIIzTbJj7GMdiU=", "last_login": "2021-04-25T02:51:09.224Z", "is_superuser": false, "username": "195612261989022001", "first_name": "Dra. Sri Suryaningsih, M.I.L", "last_name": "", "email": "sri@phys.unpad.ac.id", "is_staff": false, "is_active": true, "date_joined": "2021-04-22T03:10:55Z", "groups": [4], "user_permissions": []}}, {"model": "auth.user", "pk": 4, "fields": {"password": "pbkdf2_sha256$216000$ASniWapDtOGJ$jOeojLjzrwWvYTDDwkI8EC93S/az7b8bhSCkBPtaPhk=", "last_login": "2021-04-22T06:59:36.423Z", "is_superuser": false, "username": "197307301998031002", "first_name": "Dr. Sahrul Hidayat", "last_name": "", "email": "sahrul@phys.unpad.ac.id", "is_staff": false, "is_active": true, "date_joined": "2021-04-22T03:11:34Z", "groups": [4], "user_permissions": []}}, {"model": "auth.user", "pk": 5, "fields": {"password": "pbkdf2_sha256$216000$y98ok66sRmf6$u0AAHb5t4TSAPrPg83ap9KGOpOM3wjZB3jblP4iu8MY=", "last_login": "2021-04-26T02:52:21.841Z", "is_superuser": false, "username": "197308041999031004", "first_name": "Setianto, M.Si", "last_name": "", "email": "setianto@phys.unpad.ac.id", "is_staff": false, "is_active": true, "date_joined": "2021-04-22T03:12:22Z", "groups": [4], "user_permissions": []}}, {"model": "auth.user", "pk": 6, "fields": {"password": "pbkdf2_sha256$216000$P0ke4JsvScfN$S7MkRPACB9RAznOqHhzKGAxM726uSgLE+Wi6Z/1WCm8=", "last_login": "2021-04-25T09:26:07Z", "is_superuser": false, "username": "197505051999031016", "first_name": "Prof. Dr. Risdiana", "last_name": "", "email": "mrzdtydlntm@gmail.com", "is_staff": false, "is_active": true, "date_joined": "2021-04-22T03:13:12Z", "groups": [3], "user_permissions": []}}, {"model": "auth.user", "pk": 7, "fields": {"password": "pbkdf2_sha256$216000$lk7h5uK6rlzQ$dgo6ilf4Sgfmsge17Q89ZebezKkrQD6XbLLLfW3wLRI=", "last_login": null, "is_superuser": false, "username": "197405262003121002", "first_name": "Dr. Andri Abdurrochman, MT", "last_name": "", "email": "a.andri@phys.unpad.ac.id", "is_staff": false, "is_active": true, "date_joined": "2021-04-22T03:13:51Z", "groups": [4], "user_permissions": []}}, {"model": "auth.user", "pk": 8, "fields": {"password": "pbkdf2_sha256$216000$tiGbRLb7ONOA$S78Uf/yTCsA07M3HOIbeJuUAuNiQNlG1m3GQaEb1dWM=", "last_login": null, "is_superuser": false, "username": "195906181986031016", "first_name": "Norman Syakir, M.Sc", "last_name": "", "email": "", "is_staff": false, "is_active": true, "date_joined": "2021-04-22T03:14:26Z", "groups": [4], "user_permissions": []}}, {"model": "auth.user", "pk": 9, "fields": {"password": "pbkdf2_sha256$216000$SZWI5g52OqFq$gAWyt/hcrrO0ev3EiHs0tNlgyFxEVNU4JFvkYNr8YnY=", "last_login": null, "is_superuser": false, "username": "198211292016044001", "first_name": "Dr. Nowo Riveli", "last_name": "", "email": "nowo@phys.unpad.ac.id", "is_staff": false, "is_active": true, "date_joined": "2021-04-22T03:15:27Z", "groups": [4], "user_permissions": []}}, {"model": "auth.user", "pk": 10, "fields": {"password": "pbkdf2_sha256$216000$CMKBBTXIsH8L$gIaBjoTctqJpMTA/CF+BI4ZRRTqkRjBvrsSUNF7m8mY=", "last_login": null, "is_superuser": false, "username": "198205312019033001", "first_name": "Dr. Ferry Faizal", "last_name": "", "email": "ferry.faizal@unpad.ac.id", "is_staff": false, "is_active": true, "date_joined": "2021-04-22T03:17:07Z", "groups": [4], "user_permissions": []}}, {"model": "auth.user", "pk": 11, "fields": {"password": "pbkdf2_sha256$216000$O0Rld33vhGG5$TIuBaiVKzHt9mN2PKJTXXXl1EtRap2JOPrayjW6r5vM=", "last_login": null, "is_superuser": false, "username": "196908281995121001", "first_name": "Otong Nurhilal, M.Si", "last_name": "", "email": "otong.nurhilal@phys.unpad.ac.id", "is_staff": false, "is_active": true, "date_joined": "2021-04-22T03:17:44Z", "groups": [4], "user_permissions": []}}, {"model": "auth.user", "pk": 12, "fields": {"password": "pbkdf2_sha256$216000$AzWya1EzStjk$N2+ITPWvsSLQ1bveRi/OVD3x9B4yQ0/8ZQuMFWX8TwY=", "last_login": null, "is_superuser": false, "username": "195502091986011001", "first_name": "Dr. Cukup Mulyana, MS", "last_name": "", "email": "", "is_staff": false, "is_active": true, "date_joined": "2021-04-22T03:18:52Z", "groups": [4], "user_permissions": []}}, {"model": "auth.user", "pk": 13, "fields": {"password": "pbkdf2_sha256$216000$rTypeE1vSckP$l8HDgMq1OcbTE87Dwjven6sRpKl7r8t59F8xqSN4U/A=", "last_login": null, "is_superuser": false, "username": "196502081994122001", "first_name": "Dr. Fitrilawati", "last_name": "", "email": "fitrilawati@phys.unpad.ac.id", "is_staff": false, "is_active": true, "date_joined": "2021-04-22T03:19:23Z", "groups": [4], "user_permissions": []}}, {"model": "auth.user", "pk": 14, "fields": {"password": "pbkdf2_sha256$216000$BSzdnJAypIYW$3/T26oLv/VkonnEx06gHm8Ep/40KPfSci6kobbeaokQ=", "last_login": null, "is_superuser": false, "username": "197010291997021002", "first_name": "Dr. rer. nat. Ayi Bahtiar", "last_name": "", "email": "ayi.bahtiar@phys.unpad.ac.id", "is_staff": false, "is_active": true, "date_joined": "2021-04-22T03:19:53Z", "groups": [4], "user_permissions": []}}, {"model": "auth.user", "pk": 15, "fields": {"password": "pbkdf2_sha256$216000$EwatEYlXzD5L$l+2GOhG8uTK4azU6YRbkhStGi+IQfJHfeucoqO2AF8w=", "last_login": null, "is_superuser": false, "username": "197303101998032001", "first_name": "Dr. Lusi Safriani", "last_name": "", "email": "", "is_staff": false, "is_active": true, "date_joined": "2021-04-22T03:20:28Z", "groups": [4], "user_permissions": []}}, {"model": "auth.user", "pk": 16, "fields": {"password": "pbkdf2_sha256$216000$xlOkYP5220T1$YjBSVOz2hwzuXptdBH/8bQyGh7WgUgApx6TfMLAvILU=", "last_login": null, "is_superuser": false, "username": "194301031969021001", "first_name": "Prof. (E) Rustam E. Siregar", "last_name": "", "email": "", "is_staff": false, "is_active": true, "date_joined": "2021-04-22T03:21:06Z", "groups": [4], "user_permissions": []}}, {"model": "auth.user", "pk": 17, "fields": {"password": "pbkdf2_sha256$216000$ThVwGt0VA1wP$U0Qk5p1FxR+xHVJncFK02OfMX5Qhs95+qDVyI+rgriM=", "last_login": null, "is_superuser": false, "username": "196903231999031002", "first_name": "Liu Kin Men, M.Si", "last_name": "", "email": "liu@phys.unpad.ac.id", "is_staff": false, "is_active": true, "date_joined": "2021-04-22T03:21:40Z", "groups": [4], "user_permissions": []}}, {"model": "auth.user", "pk": 18, "fields": {"password": "pbkdf2_sha256$216000$4LT3hyJyVTPh$tYd2pOf4UI1zyDCUP6SeXClHSp8A5a1CEb4HDVwDGlc=", "last_login": null, "is_superuser": false, "username": "197206012001121001", "first_name": "Prof. Dr. I Made Joni, M.Sc", "last_name": "", "email": "mrzdtydlntm@gmail.com", "is_staff": false, "is_active": true, "date_joined": "2021-04-22T03:22:16Z", "groups": [3], "user_permissions": []}}, {"model": "auth.user", "pk": 19, "fields": {"password": "pbkdf2_sha256$216000$WfA5Xva65cxl$lc8rga6p5lGyKuS4d57hQJ+dSry2qmTiKd1w7H0hqzA=", "last_login": null, "is_superuser": false, "username": "198204112006042002", "first_name": "Dr. Annisa Aprilia, M.Si", "last_name": "", "email": "a.aprilia@phys.unpad.ac.id", "is_staff": false, "is_active": true, "date_joined": "2021-04-22T03:22:55Z", "groups": [4], "user_permissions": []}}, {"model": "auth.user", "pk": 20, "fields": {"password": "pbkdf2_sha256$216000$ZcCo4ljbOsEw$XW96m7U7BdFXngahi0/qI3JIsT78+bDyp1ZqbPFEPEY=", "last_login": null, "is_superuser": false, "username": "196808261996031001", "first_name": "Dr. Togar Saragi", "last_name": "", "email": "t.saragi@phys.unpad.ac.id", "is_staff": false, "is_active": true, "date_joined": "2021-04-22T03:23:29Z", "groups": [4], "user_permissions": []}}, {"model": "auth.user", "pk": 21, "fields": {"password": "pbkdf2_sha256$216000$TJGSG3TB9dxd$6mzfsBEt51n3NP0NrO7SnCwDGYQE4dfebBqXY2RcKnI=", "last_login": null, "is_superuser": false, "username": "198205172018093001", "first_name": "Dr. Budi Adiperdana, M.Si.", "last_name": "", "email": "budi.adiperdana@phys.unpad.ac.id", "is_staff": false, "is_active": true, "date_joined": "2021-04-22T03:24:38Z", "groups": [4], "user_permissions": []}}, {"model": "auth.user", "pk": 22, "fields": {"password": "pbkdf2_sha256$216000$agE5pHbpmSGH$0IXRUxgJBoNGb2d8UQJE8pY6WW39k+jjd/srSgEFf84=", "last_login": null, "is_superuser": false, "username": "tatausahaadmin", "first_name": "Tata Usaha", "last_name": "", "email": "", "is_staff": false, "is_active": true, "date_joined": "2021-04-22T03:25:07Z", "groups": [2], "user_permissions": []}}, {"model": "contenttypes.contenttype", "pk": 1, "fields": {"app_label": "admin", "model": "logentry"}}, {"model": "contenttypes.contenttype", "pk": 2, "fields": {"app_label": "auth", "model": "permission"}}, {"model": "contenttypes.contenttype", "pk": 3, "fields": {"app_label": "auth", "model": "group"}}, {"model": "contenttypes.contenttype", "pk": 4, "fields": {"app_label": "auth", "model": "user"}}, {"model": "contenttypes.contenttype", "pk": 5, "fields": {"app_label": "contenttypes", "model": "contenttype"}}, {"model": "contenttypes.contenttype", "pk": 6, "fields": {"app_label": "sessions", "model": "session"}}, {"model": "contenttypes.contenttype", "pk": 7, "fields": {"app_label": "penilaian", "model": "penulislain"}}, {"model": "contenttypes.contenttype", "pk": 8, "fields": {"app_label": "penilaian", "model": "reviewer"}}, {"model": "contenttypes.contenttype", "pk": 9, "fields": {"app_label": "penilaian", "model": "users"}}, {"model": "contenttypes.contenttype", "pk": 10, "fields": {"app_label": "penilaian", "model": "uploadberkasprosiding"}}, {"model": "contenttypes.contenttype", "pk": 11, "fields": {"app_label": "penilaian", "model": "uploadberkasjurnal"}}, {"model": "contenttypes.contenttype", "pk": 12, "fields": {"app_label": "penilaian", "model": "uploadberkashaki"}}, {"model": "contenttypes.contenttype", "pk": 13, "fields": {"app_label": "penilaian", "model": "uploadberkasbuku"}}, {"model": "contenttypes.contenttype", "pk": 14, "fields": {"app_label": "penilaian", "model": "penilaianberkasprosiding"}}, {"model": "contenttypes.contenttype", "pk": 15, "fields": {"app_label": "penilaian", "model": "penilaianberkasjurnal"}}, {"model": "contenttypes.contenttype", "pk": 16, "fields": {"app_label": "penilaian", "model": "penilaianberkashaki"}}, {"model": "contenttypes.contenttype", "pk": 17, "fields": {"app_label": "penilaian", "model": "penilaianberkasbuku"}}, {"model": "contenttypes.contenttype", "pk": 18, "fields": {"app_label": "penilaian", "model": "admin"}}, {"model": "sessions.session", "pk": "cp1206xlcqe5oidi21gui0ci4hz9anqx", "fields": {"session_data": ".eJxVjMsOwiAQRf-FtSEDFAou3fsNZJgZbNWUpI-V8d-1SRe6veec-1IZt3XI2yJzHlmdlVOn360gPWTaAd9xujVNbVrnsehd0Qdd9LWxPC-H-3cw4DJ8685wjVCxGoidgE9iCxATEhfyrosejIsQpNiEDvvgQwoMZMSKxdCr9wfw8Dfw:1laUrV:t_tPAjcjGoe2YHFRoSYtPgelIlYdCVvgsEYoRRCTUts", "expire_date": "2021-05-09T02:51:09.227Z"}}, {"model": "sessions.session", "pk": "fiid72yk1li1ssmqyj15s71lci1lkxd4", "fields": {"session_data": ".eJxVjDsOwyAQBe9CHSGzYD4p0_sMaJdFwUmEJWNXUe4eI7lIyjczem8Rcd9K3Fte48ziKkZx-WWE6ZlrF_zAel9kWuq2ziR7Ik_b5LRwft3O9u-gYCv91oMjozQlBtJoHRoF4zEHAuezORA57a0OPiBmC4MjHVQA8JoZUXy-ypA3OA:1larMD:76wJxg5ZHfXkwChDHazxHtMvUsS-8wVmU0SKyvNTGuE", "expire_date": "2021-05-10T02:52:21.846Z"}}, {"model": "sessions.session", "pk": "gdtl9y0o6xpg1swrcdk915uo2vh19p1d", "fields": {"session_data": ".eJxVjEEOwiAQRe_C2pAMMA3j0r1nIAwMUjWQlHZlvLs26UK3_733XyrEba1hG7KEOauzAnX63Timh7Qd5Htst65Tb-sys94VfdChrz3L83K4fwc1jvqtib1zYsGxGCIs3pLBySM5tobReEhoAMBCZA8iE0lJFjMw-mJzVu8Pszo3IA:1laUel:8yT6jnxX3KSX19b9V7cNaP8BcltI6h4O8qwa9WsIegg", "expire_date": "2021-05-09T02:37:59.381Z"}}, {"model": "sessions.session", "pk": "spouht47udias0a6ny4cglumyhcoeitr", "fields": {"session_data": ".eJxVjEsOwjAMBe-SNYpaahuHJXvOEDmJQwookfpZIe4OlbqA7ZuZ9zJe1qX4ddbJj8mcDZnD7xYkPrRuIN2l3pqNrS7TGOym2J3O9tqSPi-7-3dQZC7fmpEA8BQDdJkpo6ROeFAYqKPsQIm5D3JERCfgAHtlEmbkHBXYoXl_AMK6Nuc:1lab1j:Wo7njxJZrhSZ5qnsNqV2o_7PYPsZV-IC15Phq9jbXUU", "expire_date": "2021-05-09T09:26:07.324Z"}}, {"model": "penilaian.users", "pk": 1, "fields": {"users": 16}}, {"model": "penilaian.users", "pk": 2, "fields": {"users": 12}}, {"model": "penilaian.users", "pk": 3, "fields": {"users": 3}}, {"model": "penilaian.users", "pk": 4, "fields": {"users": 8}}, {"model": "penilaian.users", "pk": 5, "fields": {"users": 13}}, {"model": "penilaian.users", "pk": 6, "fields": {"users": 20}}, {"model": "penilaian.users", "pk": 7, "fields": {"users": 17}}, {"model": "penilaian.users", "pk": 8, "fields": {"users": 11}}, {"model": "penilaian.users", "pk": 9, "fields": {"users": 14}}, {"model": "penilaian.users", "pk": 10, "fields": {"users": 18}}, {"model": "penilaian.users", "pk": 11, "fields": {"users": 15}}, {"model": "penilaian.users", "pk": 12, "fields": {"users": 4}}, {"model": "penilaian.users", "pk": 13, "fields": {"users": 5}}, {"model": "penilaian.users", "pk": 14, "fields": {"users": 2}}, {"model": "penilaian.users", "pk": 15, "fields": {"users": 7}}, {"model": "penilaian.users", "pk": 16, "fields": {"users": 6}}, {"model": "penilaian.users", "pk": 17, "fields": {"users": 19}}, {"model": "penilaian.users", "pk": 18, "fields": {"users": 21}}, {"model": "penilaian.users", "pk": 19, "fields": {"users": 10}}, {"model": "penilaian.users", "pk": 20, "fields": {"users": 9}}, {"model": "penilaian.reviewer", "pk": 1, "fields": {"reviewer": 18, "nip": "197206012001121001", "unit_kerja": "Fakultas Matematika dan Ilmu Pengetahuan Alam Unpad", "bidang_ilmu": "Fisika", "jabatan_pangkat": "Guru Besar"}}, {"model": "penilaian.reviewer", "pk": 2, "fields": {"reviewer": 2, "nip": "197403032003122002", "unit_kerja": "Fakultas Matematika dan Ilmu Pengetahuan Alam Unpad", "bidang_ilmu": "Fisika", "jabatan_pangkat": "Guru Besar"}}, {"model": "penilaian.reviewer", "pk": 3, "fields": {"reviewer": 6, "nip": "197505051999031016", "unit_kerja": "Fakultas Matematika dan Ilmu Pengetahuan Alam Unpad", "bidang_ilmu": "Fisika", "jabatan_pangkat": "Guru Besar"}}, {"model": "penilaian.admin", "pk": 1, "fields": {"admin": 22}}, {"model": "penilaian.penulislain", "pk": 1, "fields": {"penulis": "Udin"}}, {"model": "penilaian.penulislain", "pk": 2, "fields": {"penulis": "Atep"}}, {"model": "penilaian.uploadberkasjurnal", "pk": 1, "fields": {"judul_artikel": "Graphene", "jmlh_penulis": 3, "nama_jurnal": "Science Journal", "nomor_issn": "12345", "vol_no_bln_thn": "12/1/Januari/2010", "penerbit": "Erlangga", "doi_artikel": "doi.org/oiwehgoiae", "url_jurnal": "http://www.google.com", "indeks_jurnal": "Google Scholar", "tingkat_jurnal": "Q1", "kategori_publikasi": "Jurnal Ilmiah Internasional Bereputasi Berdampak", "upload_jurnal": "jurnal/isi/Screenshot_from_2021-03-02_18-38-37_eeGWak6.png", "upload_cover": "", "corresponding_author": null, "corresponding_author_selain": 1, "penulis_utama": 12, "penulis_utama_selain": null, "plagiasi": 10, "bukti_plagiasi": "plagiasi/Screenshot_from_2021-03-02_18-39-56.png", "linieritas": "Linier dengan bidang kerja", "is_verificated": true, "reviewer": 2, "uploaded": "2021-04-22T05:25:38.542Z", "slug": "graphene", "penulis_lain": [13], "penulis_selain": []}}, {"model": "penilaian.uploadberkasjurnal", "pk": 2, "fields": {"judul_artikel": "Coba", "jmlh_penulis": 2, "nama_jurnal": "Maman", "nomor_issn": "1432", "vol_no_bln_thn": "-", "penerbit": "Penerbit", "doi_artikel": "doi.org/oiwehgoiae", "url_jurnal": "http://www.google.com", "indeks_jurnal": "Google Scholar", "tingkat_jurnal": "Q2", "kategori_publikasi": "Jurnal Ilmiah Internasional Bereputasi Berdampak", "upload_jurnal": "jurnal/isi/Screenshot_from_2021-03-02_18-38-37_0Xc7XC2.png", "upload_cover": "", "corresponding_author": 13, "corresponding_author_selain": null, "penulis_utama": null, "penulis_utama_selain": 1, "plagiasi": 12, "bukti_plagiasi": "plagiasi/Screenshot_from_2021-03-02_18-40-55.png", "linieritas": "Linier dengan bidang kerja", "is_verificated": true, "reviewer": 3, "uploaded": "2021-04-26T03:36:48.450Z", "slug": "coba", "penulis_lain": [], "penulis_selain": []}}, {"model": "penilaian.uploadberkasjurnal", "pk": 3, "fields": {"judul_artikel": "Adaw", "jmlh_penulis": 4, "nama_jurnal": "Ajdfna", "nomor_issn": null, "vol_no_bln_thn": null, "penerbit": null, "doi_artikel": null, "url_jurnal": null, "indeks_jurnal": "Scopus dan Scimagojr", "tingkat_jurnal": null, "kategori_publikasi": "Jurnal Ilmiah Internasional Bereputasi Berdampak", "upload_jurnal": "jurnal/isi/Screenshot_from_2021-03-02_18-40-55_V0mEXJv.png", "upload_cover": "", "corresponding_author": 13, "corresponding_author_selain": null, "penulis_utama": 12, "penulis_utama_selain": null, "plagiasi": 10, "bukti_plagiasi": "plagiasi/Screenshot_from_2021-03-02_18-39-05.png", "linieritas": "Tidak linier dengan bidang kerja", "is_verificated": true, "reviewer": 1, "uploaded": "2021-04-26T06:47:59.642Z", "slug": "adaw", "penulis_lain": [16], "penulis_selain": [2]}}, {"model": "penilaian.uploadberkasjurnal", "pk": 4, "fields": {"judul_artikel": "Wadaw", "jmlh_penulis": 2, "nama_jurnal": "Ehehehe", "nomor_issn": "13", "vol_no_bln_thn": null, "penerbit": null, "doi_artikel": null, "url_jurnal": null, "indeks_jurnal": "Scopus atau IEEE", "tingkat_jurnal": null, "kategori_publikasi": "Jurnal Ilmiah Internasional Bereputasi Berdampak", "upload_jurnal": "jurnal/isi/Screenshot_from_2021-03-02_18-38-06.png", "upload_cover": "", "corresponding_author": null, "corresponding_author_selain": null, "penulis_utama": 13, "penulis_utama_selain": null, "plagiasi": null, "bukti_plagiasi": "", "linieritas": null, "is_verificated": true, "reviewer": 2, "uploaded": "2021-04-26T07:44:47.635Z", "slug": "wadaw", "penulis_lain": [], "penulis_selain": []}}, {"model": "penilaian.uploadberkasjurnal", "pk": 5, "fields": {"judul_artikel": "safawf", "jmlh_penulis": 3, "nama_jurnal": "afawf", "nomor_issn": null, "vol_no_bln_thn": null, "penerbit": null, "doi_artikel": null, "url_jurnal": null, "indeks_jurnal": "Scopus dan Scimagojr", "tingkat_jurnal": null, "kategori_publikasi": "Jurnal Ilmiah Internasional Bereputasi Berdampak", "upload_jurnal": "jurnal/isi/Screenshot_from_2021-03-02_18-39-56.png", "upload_cover": "", "corresponding_author": null, "corresponding_author_selain": null, "penulis_utama": 3, "penulis_utama_selain": null, "plagiasi": null, "bukti_plagiasi": "", "linieritas": null, "is_verificated": true, "reviewer": 3, "uploaded": "2021-04-26T08:54:26.252Z", "slug": "safawf", "penulis_lain": [], "penulis_selain": []}}, {"model": "penilaian.uploadberkasprosiding", "pk": 1, "fields": {"judul_artikel": "Cobain", "jmlh_penulis": 3, "nama_prosiding": "Gatau", "nomor_isbn": "12345", "tahun_terbit": "2020", "penerbit": "Udin Corp.", "url_repository": "http://www.google.com", "indeks_prosiding": "Google Scholar", "kategori_publikasi": "Presentasi Oral dan Dipublikasikan", "tingkat_publikasi": "Internasional", "upload_prosiding": "prosiding/isi/Screenshot_from_2021-03-02_18-38-37_aSZjGxi.png", "upload_cover": "", "corresponding_author": null, "corresponding_author_selain": null, "penulis_utama": 3, "penulis_utama_selain": null, "is_verificated": true, "reviewer": 2, "uploaded": "2021-04-24T06:07:41.823Z", "slug": "cobain", "penulis_lain": [13], "penulis_selain": [2]}}, {"model": "penilaian.uploadberkasprosiding", "pk": 2, "fields": {"judul_artikel": "asfawf", "jmlh_penulis": 4, "nama_prosiding": null, "nomor_isbn": null, "tahun_terbit": null, "penerbit": null, "url_repository": null, "indeks_prosiding": "Google Scholar", "kategori_publikasi": "Presentasi Oral dan Dipublikasikan", "tingkat_publikasi": "Internasional", "upload_prosiding": "prosiding/isi/Screenshot_from_2021-03-02_18-35-59.png", "upload_cover": "", "corresponding_author": 3, "corresponding_author_selain": null, "penulis_utama": 16, "penulis_utama_selain": null, "is_verificated": true, "reviewer": 2, "uploaded": "2021-04-26T06:53:15.925Z", "slug": "asfawf", "penulis_lain": [13, 15], "penulis_selain": []}}, {"model": "penilaian.uploadberkasbuku", "pk": 1, "fields": {"judul": "Udahlah", "jmlh_penulis": 3, "nomor_isbn": "1234", "edisi": "2", "tahun_terbit": "2020", "penerbit": "Erlangga", "jumlah_halaman": "200", "kategori_publikasi": "Buku Referensi", "upload_buku": "buku/isi/Screenshot_from_2021-03-02_18-38-37.png", "penulis_utama": 16, "penulis_utama_selain": null, "is_verificated": true, "reviewer": 2, "uploaded": "2021-04-25T06:10:16.835Z", "slug": "udahlah", "penulis_lain": [13], "penulis_lain_selain": [1]}}, {"model": "penilaian.uploadberkasbuku", "pk": 2, "fields": {"judul": "Book", "jmlh_penulis": 2, "nomor_isbn": "1452", "edisi": null, "tahun_terbit": null, "penerbit": null, "jumlah_halaman": null, "kategori_publikasi": "Buku Referensi", "upload_buku": "buku/isi/Screenshot_from_2021-03-02_18-39-05.png", "penulis_utama": 12, "penulis_utama_selain": null, "is_verificated": true, "reviewer": 2, "uploaded": "2021-04-26T07:08:36.322Z", "slug": "book", "penulis_lain": [13], "penulis_lain_selain": []}}, {"model": "penilaian.uploadberkashaki", "pk": 1, "fields": {"judul": "Paten", "jmlh_penulis": 2, "jenis_haki": "Patens", "nomor_paten": "12", "tanggal": "21 Januari 2020", "penerbit": "Fisika", "status_paten": "Mantap", "url_repository": "-", "kategori_publikasi": "Internasional (sudah diimplementasikan di industri)", "upload_berkas": "haki/isi/Screenshot_from_2021-03-02_18-40-55.png", "pemegang_berkas_utama": 13, "pemegang_berkas_utama_selain": null, "is_verificated": true, "reviewer": 3, "uploaded": "2021-04-25T16:44:15.153Z", "slug": "paten", "penulis_lain": [], "pemegang_berkas_selain": [1]}}, {"model": "penilaian.penilaianberkasjurnal", "pk": 4, "fields": {"jurnal": 1, "unsur_isi": 14.0, "cmnt_unsur_isi": "afa", "pembahasan": 14.0, "cmnt_pembahasan": "saf", "informasi": 14.0, "cmnt_informasi": "awf", "kualitas_penerbit": 15.0, "cmnt_kualitas_penerbit": "awf", "total": 57.0, "nilai_ca": 22.8, "nilai_pu": 22.8, "nilai_pl": 11.4, "jmlh_penulis_lain": null, "created": "2021-04-26T03:32:26.966Z", "slug": "graphene"}}, {"model": "penilaian.penilaianberkasjurnal", "pk": 5, "fields": {"jurnal": 2, "unsur_isi": 12.0, "cmnt_unsur_isi": "asf", "pembahasan": 14.0, "cmnt_pembahasan": "asfawf", "informasi": 14.0, "cmnt_informasi": "asgfaw", "kualitas_penerbit": 14.0, "cmnt_kualitas_penerbit": "asfasf", "total": 54.0, "nilai_ca": 27.0, "nilai_pu": 27.0, "nilai_pl": null, "jmlh_penulis_lain": null, "created": "2021-04-26T03:37:48.828Z", "slug": "coba"}}, {"model": "penilaian.penilaianberkasjurnal", "pk": 6, "fields": {"jurnal": 3, "unsur_isi": 14.0, "cmnt_unsur_isi": "Lorem ipsum dolor sit amet, consectetur adipiscing elit. Praesent elementum posuere pretium. Vivamus lobortis, nisl vel tristique sollicitudin, erat odio elementum augue, sed cursus risus lorem quis nisi. Fusce gravida accumsan justo, sit amet vulputate nibh molestie varius. Aenean nec feugiat ante. Integer ut nulla at purus dignissim luctus id sed est.", "pembahasan": 14.0, "cmnt_pembahasan": "Lorem ipsum dolor sit amet, consectetur adipiscing elit. Praesent elementum posuere pretium. Vivamus lobortis, nisl vel tristique sollicitudin, erat odio elementum augue, sed cursus risus lorem quis nisi. Fusce gravida accumsan justo, sit amet vulputate nibh molestie varius. Aenean nec feugiat ante. Integer ut nulla at purus dignissim luctus id sed est.", "informasi": 15.0, "cmnt_informasi": "Lorem ipsum dolor sit amet, consectetur adipiscing elit. Praesent elementum posuere pretium. Vivamus lobortis, nisl vel tristique sollicitudin, erat odio elementum augue, sed cursus risus lorem quis nisi. Fusce gravida accumsan justo, sit amet vulputate nibh molestie varius. Aenean nec feugiat ante. Integer ut nulla at purus dignissim luctus id sed est.", "kualitas_penerbit": 12.0, "cmnt_kualitas_penerbit": "Lorem ipsum dolor sit amet, consectetur adipiscing elit. Praesent elementum posuere pretium. Vivamus lobortis, nisl vel tristique sollicitudin, erat odio elementum augue, sed cursus risus lorem quis nisi. Fusce gravida accumsan justo, sit amet vulputate nibh molestie varius. Aenean nec feugiat ante. Integer ut nulla at purus dignissim luctus id sed est.", "total": 55.0, "nilai_ca": 22.0, "nilai_pu": 22.0, "nilai_pl": 5.5, "jmlh_penulis_lain": 2, "created": "2021-04-26T06:50:37.051Z", "slug": "adaw"}}, {"model": "penilaian.penilaianberkasprosiding", "pk": 1, "fields": {"prosiding": 1, "unsur_isi": 12.0, "cmnt_unsur_isi": "Lipsum", "pembahasan": 12.0, "cmnt_pembahasan": "Lipsum", "informasi": 14.0, "cmnt_informasi": "Lipsum", "kualitas_penerbit": 14.0, "cmnt_kualitas_penerbit": "Lipsum", "total": 52.0, "nilai_ca": null, "nilai_pu": 31.2, "nilai_pl": 6.933333333333334, "jmlh_penulis_lain": null, "created": "2021-04-25T02:48:42.014Z", "slug": "cobain"}}, {"model": "penilaian.penilaianberkasprosiding", "pk": 2, "fields": {"prosiding": 2, "unsur_isi": 12.0, "cmnt_unsur_isi": "Lorem ipsum dolor sit amet, consectetur adipiscing elit. Praesent elementum posuere pretium. Vivamus lobortis, nisl vel tristique sollicitudin, erat odio elementum augue, sed cursus risus lorem quis nisi. Fusce gravida accumsan justo, sit amet vulputate nibh molestie varius. Aenean nec feugiat ante. Integer ut nulla at purus dignissim luctus id sed est.", "pembahasan": 8.0, "cmnt_pembahasan": "Lorem ipsum dolor sit amet, consectetur adipiscing elit. Praesent elementum posuere pretium. Vivamus lobortis, nisl vel tristique sollicitudin, erat odio elementum augue, sed cursus risus lorem quis nisi. Fusce gravida accumsan justo, sit amet vulputate nibh molestie varius. Aenean nec feugiat ante. Integer ut nulla at purus dignissim luctus id sed est.", "informasi": 16.0, "cmnt_informasi": "Lorem ipsum dolor sit amet, consectetur adipiscing elit. Praesent elementum posuere pretium. Vivamus lobortis, nisl vel tristique sollicitudin, erat odio elementum augue, sed cursus risus lorem quis nisi. Fusce gravida accumsan justo, sit amet vulputate nibh molestie varius. Aenean nec feugiat ante. Integer ut nulla at purus dignissim luctus id sed est.", "kualitas_penerbit": 16.0, "cmnt_kualitas_penerbit": "Lorem ipsum dolor sit amet, consectetur adipiscing elit. Praesent elementum posuere pretium. Vivamus lobortis, nisl vel tristique sollicitudin, erat odio elementum augue, sed cursus risus lorem quis nisi. Fusce gravida accumsan justo, sit amet vulputate nibh molestie varius. Aenean nec feugiat ante. Integer ut nulla at purus dignissim luctus id sed est.", "total": 52.0, "nilai_ca": 20.8, "nilai_pu": 20.8, "nilai_pl": 5.2, "jmlh_penulis_lain": 2, "created": "2021-04-26T06:53:54.005Z", "slug": "asfawf"}}, {"model": "penilaian.penilaianberkasbuku", "pk": 4, "fields": {"buku": 1, "unsur_isi": 14.0, "cmnt_unsur_isi": "Lorem ipsum dolor sit amet, consectetur adipiscing elit. Pellentesque ultrices dolor eu ullamcorper fringilla. Nullam tellus metus, sollicitudin sed nibh id, pharetra dapibus libero. Donec a dolor et arcu gravida tincidunt. Donec vel dolor scelerisque mi cursus maximus. Etiam commodo condimentum nunc ac rhoncus. Sed quis commodo nisl. Vivamus fringilla, velit a varius rhoncus, dolor eros ornare erat, quis venenatis quam lectus at sapien. Duis ullamcorper tempus sem eget maximus. Ut dolor ante, eleifend quis ultricies vitae, rhoncus sit amet quam.", "pembahasan": 15.0, "cmnt_pembahasan": "Lorem ipsum dolor sit amet, consectetur adipiscing elit. Pellentesque ultrices dolor eu ullamcorper fringilla. Nullam tellus metus, sollicitudin sed nibh id, pharetra dapibus libero. Donec a dolor et arcu gravida tincidunt. Donec vel dolor scelerisque mi cursus maximus. Etiam commodo condimentum nunc ac rhoncus. Sed quis commodo nisl. Vivamus fringilla, velit a varius rhoncus, dolor eros ornare erat, quis venenatis quam lectus at sapien. Duis ullamcorper tempus sem eget maximus. Ut dolor ante, eleifend quis ultricies vitae, rhoncus sit amet quam.", "informasi": 14.0, "cmnt_informasi": "Lorem ipsum dolor sit amet, consectetur adipiscing elit. Pellentesque ultrices dolor eu ullamcorper fringilla. Nullam tellus metus, sollicitudin sed nibh id, pharetra dapibus libero. Donec a dolor et arcu gravida tincidunt. Donec vel dolor scelerisque mi cursus maximus. Etiam commodo condimentum nunc ac rhoncus. Sed quis commodo nisl. Vivamus fringilla, velit a varius rhoncus, dolor eros ornare erat, quis venenatis quam lectus at sapien. Duis ullamcorper tempus sem eget maximus. Ut dolor ante, eleifend quis ultricies vitae, rhoncus sit amet quam.", "kualitas_penerbit": 15.0, "cmnt_kualitas_penerbit": "Lorem ipsum dolor sit amet, consectetur adipiscing elit. Pellentesque ultrices dolor eu ullamcorper fringilla. Nullam tellus metus, sollicitudin sed nibh id, pharetra dapibus libero. Donec a dolor et arcu gravida tincidunt. Donec vel dolor scelerisque mi cursus maximus. Etiam commodo condimentum nunc ac rhoncus. Sed quis commodo nisl. Vivamus fringilla, velit a varius rhoncus, dolor eros ornare erat, quis venenatis quam lectus at sapien. Duis ullamcorper tempus sem eget maximus. Ut dolor ante, eleifend quis ultricies vitae, rhoncus sit amet quam.", "total": 58.0, "nilai_pu": 46.400000000000006, "nilai_pl": 5.800000000000001, "jmlh_penulis_lain": 2, "created": "2021-04-26T05:30:28.871Z", "slug": "udahlah"}}, {"model": "penilaian.penilaianberkasbuku", "pk": 6, "fields": {"buku": 2, "unsur_isi": 14.0, "cmnt_unsur_isi": "Lorem ipsum dolor sit amet, consectetur adipiscing elit. Sed id imperdiet neque. Curabitur nec lobortis neque. Mauris eget est orci. Aenean dapibus ut justo eleifend molestie. Cras ut quam vitae sem malesuada mattis id ut metus. Vestibulum lobortis urna ac sagittis lacinia. Nunc varius eu arcu ac gravida. In venenatis dignissim metus, id tempor ex fermentum vel.", "pembahasan": 15.0, "cmnt_pembahasan": "Lorem ipsum dolor sit amet, consectetur adipiscing elit. Sed id imperdiet neque. Curabitur nec lobortis neque. Mauris eget est orci. Aenean dapibus ut justo eleifend molestie. Cras ut quam vitae sem malesuada mattis id ut metus. Vestibulum lobortis urna ac sagittis lacinia. Nunc varius eu arcu ac gravida. In venenatis dignissim metus, id tempor ex fermentum vel.", "informasi": 16.0, "cmnt_informasi": "Lorem ipsum dolor sit amet, consectetur adipiscing elit. Sed id imperdiet neque. Curabitur nec lobortis neque. Mauris eget est orci. Aenean dapibus ut justo eleifend molestie. Cras ut quam vitae sem malesuada mattis id ut metus. Vestibulum lobortis urna ac sagittis lacinia. Nunc varius eu arcu ac gravida. In venenatis dignissim metus, id tempor ex fermentum vel.", "kualitas_penerbit": 12.0, "cmnt_kualitas_penerbit": "Lorem ipsum dolor sit amet, consectetur adipiscing elit. Sed id imperdiet neque. Curabitur nec lobortis neque. Mauris eget est orci. Aenean dapibus ut justo eleifend molestie. Cras ut quam vitae sem malesuada mattis id ut metus. Vestibulum lobortis urna ac sagittis lacinia. Nunc varius eu arcu ac gravida. In venenatis dignissim metus, id tempor ex fermentum vel.", "total": 57.0, "nilai_pu": 45.6, "nilai_pl": 11.4, "jmlh_penulis_lain": 1, "created": "2021-04-26T07:29:44.894Z", "slug": "book"}}, {"model": "penilaian.penilaianberkashaki", "pk": 4, "fields": {"berkas": 1, "unsur_isi": 13.0, "cmnt_unsur_isi": "sa", "pembahasan": 13.0, "cmnt_pembahasan": "asf", "informasi": 14.0, "cmnt_informasi": "zsf", "kualitas_penerbit": 14.0, "cmnt_kualitas_penerbit": "zds", "total": 54.0, "nilai_pu": 43.2, "nilai_pl": 10.8, "jmlh_penulis_lain": 1, "created": "2021-04-26T03:13:28.465Z", "slug": "paten"}}]